Workbook

Sheet Alle Items
A1: Item-ID | B1: Kompetenzbereich | C1: Nr. | D1: Teilbereich | E1: Stufe | F1: Stufenbezeichnung | G1: Itemtext | H1: Kurzfassung (Entwurf SZ, Kopie mit Fettdruck) | I1: Beispiele / Einleitung (einmal pro Teilbereich)
A2: 1.1-I | B2: 1. Berufsbezogenes Handeln | C2: 1.1 | D2: Berufliche Kommunikation | E2: I | F2: Einsteigen | G2: ='1. Berufsbezogenes Handeln'!D5 | H2: Ich kenne digitale Kanäle wie E-Mail oder Schulportal, nutze sie beruflich aber selten. | I2: ='1. Berufsbezogenes Handeln'!E4
A3: 1.1-II | B3: 1. Berufsbezogenes Handeln | C3: 1.1 | D3: Berufliche Kommunikation | E3: II | F3: Entdecken | G3: ='1. Berufsbezogenes Handeln'!D6 | H3: Ich probiere digitale Kanäle für den Austausch mit Lernenden, Eltern und Kollegium aus.
A4: 1.1-III | B4: 1. Berufsbezogenes Handeln | C4: 1.1 | D4: Berufliche Kommunikation | E4: III | F4: Anwenden | G4: ='1. Berufsbezogenes Handeln'!D7 | H4: Ich kommuniziere regelmässig digital und halte mich an vereinbarte Abläufe und Regeln.
A5: 1.1-IV | B5: 1. Berufsbezogenes Handeln | C5: 1.1 | D5: Berufliche Kommunikation | E5: IV | F5: Integrieren | G5: ='1. Berufsbezogenes Handeln'!D8 | H5: Ich wähle je nach Anliegen und Empfänger bewusst Kanal, Stil und Format.
A6: 1.1-V | B6: 1. Berufsbezogenes Handeln | C6: 1.1 | D6: Berufliche Kommunikation | E6: V | F6: Entwickeln | G6: ='1. Berufsbezogenes Handeln'!D9 | H6: Ich überprüfe mit dem Kollegium, wie wir mit Eltern und Lernenden digital kommunizieren.
A7: 1.1-VI | B7: 1. Berufsbezogenes Handeln | C7: 1.1 | D7: Berufliche Kommunikation | E7: VI | F7: Weitergeben | G7: ='1. Berufsbezogenes Handeln'!D10 | H7: Ich entwickle Kommunikationskonzepte mit und gebe sie über die Schule hinaus weiter.
A8: 1.2-I | B8: 1. Berufsbezogenes Handeln | C8: 1.2 | D8: Kollegiale Zusammenarbeit | E8: I | F8: Einsteigen | G8: ='1. Berufsbezogenes Handeln'!D13 | H8: Ich weiss, dass digitale Medien die Zusammenarbeit erleichtern, nutze sie aber selten. | I8: ='1. Berufsbezogenes Handeln'!E12
A9: 1.2-II | B9: 1. Berufsbezogenes Handeln | C9: 1.2 | D9: Kollegiale Zusammenarbeit | E9: II | F9: Entdecken | G9: ='1. Berufsbezogenes Handeln'!D14 | H9: Ich tausche mich mit Kolleginnen und Kollegen meiner Schule gelegentlich digital aus.
A10: 1.2-III | B10: 1. Berufsbezogenes Handeln | C10: 1.2 | D10: Kollegiale Zusammenarbeit | E10: III | F10: Anwenden | G10: ='1. Berufsbezogenes Handeln'!D15 | H10: Ich teile regelmässig Material digital und hole mir Ideen aus Online-Communities.
A11: 1.2-IV | B11: 1. Berufsbezogenes Handeln | C11: 1.2 | D11: Kollegiale Zusammenarbeit | E11: IV | F11: Integrieren | G11: ='1. Berufsbezogenes Handeln'!D16 | H11: Ich wähle passende Netzwerke bewusst aus, um Material gemeinsam zu erarbeiten.
A12: 1.2-V | B12: 1. Berufsbezogenes Handeln | C12: 1.2 | D12: Kollegiale Zusammenarbeit | E12: V | F12: Entwickeln | G12: ='1. Berufsbezogenes Handeln'!D17 | H12: Ich hole mir über berufliche Netzwerke Feedback zu meiner Praxis und entwickle mich weiter.
A13: 1.2-VI | B13: 1. Berufsbezogenes Handeln | C13: 1.2 | D13: Kollegiale Zusammenarbeit | E13: VI | F13: Weitergeben | G13: ='1. Berufsbezogenes Handeln'!D18 | H13: Ich unterstütze Lehrpersonen anderer Schulen über Online-Communities bei ihrer Weiterentwicklung.
A14: 1.3-I | B14: 1. Berufsbezogenes Handeln | C14: 1.3 | D14: Reflektiertes Handeln | E14: I | F14: Einsteigen | G14: ='1. Berufsbezogenes Handeln'!D21 | H14: Ich habe wenig Erfahrung und weiss noch nicht, wie ich mich weiterentwickeln kann. | I14: ='1. Berufsbezogenes Handeln'!E20
A15: 1.3-II | B15: 1. Berufsbezogenes Handeln | C15: 1.3 | D15: Reflektiertes Handeln | E15: II | F15: Entdecken | G15: ='1. Berufsbezogenes Handeln'!D22 | H15: Ich kenne meine Grenzen und suche nach Wegen, meine digitalen Kompetenzen zu erweitern.
A16: 1.3-III | B16: 1. Berufsbezogenes Handeln | C16: 1.3 | D16: Reflektiertes Handeln | E16: III | F16: Anwenden | G16: ='1. Berufsbezogenes Handeln'!D23 | H16: Ich experimentiere regelmässig mit digitalen Ansätzen und lerne dabei von Kolleginnen und Kollegen.
A17: 1.3-IV | B17: 1. Berufsbezogenes Handeln | C17: 1.3 | D17: Reflektiertes Handeln | E17: IV | F17: Integrieren | G17: ='1. Berufsbezogenes Handeln'!D24 | H17: Ich suche gezielt nach bewährten Praktiken und Kursen, um meinen Unterricht zu verbessern.
A18: 1.3-V | B18: 1. Berufsbezogenes Handeln | C18: 1.3 | D18: Reflektiertes Handeln | E18: V | F18: Entwickeln | G18: ='1. Berufsbezogenes Handeln'!D25 | H18: Ich verfolge neue Erkenntnisse und diskutiere die digitale Praxis unserer Schule im Kollegium.
A19: 1.3-VI | B19: 1. Berufsbezogenes Handeln | C19: 1.3 | D19: Reflektiertes Handeln | E19: VI | F19: Weitergeben | G19: ='1. Berufsbezogenes Handeln'!D26 | H19: Ich entwickle mit anderen, auch mit der Forschung, Strategien für eine bessere Bildungspraxis.
A20: 1.4-I | B20: 1. Berufsbezogenes Handeln | C20: 1.4 | D20: Kontinuierliche Weiterentwicklung | E20: I | F20: Einsteigen | G20: ='1. Berufsbezogenes Handeln'!D29 | H20: Ich weiss, dass ich mich online weiterbilden könnte, nutze dies aber kaum. | I20: ='1. Berufsbezogenes Handeln'!E28
A21: 1.4-II | B21: 1. Berufsbezogenes Handeln | C21: 1.4 | D21: Kontinuierliche Weiterentwicklung | E21: II | F21: Entdecken | G21: ='1. Berufsbezogenes Handeln'!D30 | H21: Ich suche gelegentlich online nach Informationen für mein Fach oder meinen Unterricht.
A22: 1.4-III | B22: 1. Berufsbezogenes Handeln | C22: 1.4 | D22: Kontinuierliche Weiterentwicklung | E22: III | F22: Anwenden | G22: ='1. Berufsbezogenes Handeln'!D31 | H22: Ich finde regelmässig passende Weiterbildungsangebote über das Internet.
A23: 1.4-IV | B23: 1. Berufsbezogenes Handeln | C23: 1.4 | D23: Kontinuierliche Weiterentwicklung | E23: IV | F23: Integrieren | G23: ='1. Berufsbezogenes Handeln'!D32 | H23: Ich wähle Online-Kurse und Materialien nach meinem Entwicklungsbedarf aus.
A24: 1.4-V | B24: 1. Berufsbezogenes Handeln | C24: 1.4 | D24: Kontinuierliche Weiterentwicklung | E24: V | F24: Entwickeln | G24: ='1. Berufsbezogenes Handeln'!D33 | H24: Ich berate Kolleginnen und Kollegen bei der Wahl von Online-Weiterbildungen.
A25: 1.4-VI | B25: 1. Berufsbezogenes Handeln | C25: 1.4 | D25: Kontinuierliche Weiterentwicklung | E25: VI | F25: Weitergeben | G25: ='1. Berufsbezogenes Handeln'!D34 | H25: Ich gestalte selbst Weiterbildungsangebote oder Materialien für andere Lehrpersonen.
A26: 2.1-I | B26: 2. Digitale Ressourcen | C26: 2.1 | D26: Auswählen digitaler Ressourcen | E26: I | F26: Einsteigen | G26: ='2. Digitale Ressourcen'!D5 | H26: Ich weiss, dass ich online nach Unterrichtsmaterial suchen kann, tue es aber selten. | I26: ='2. Digitale Ressourcen'!E4
A27: 2.1-II | B27: 2. Digitale Ressourcen | C27: 2.1 | D27: Auswählen digitaler Ressourcen | E27: II | F27: Entdecken | G27: ='2. Digitale Ressourcen'!D6 | H27: Ich finde digitales Material mit einfachen Suchstrategien, etwa über eine Bildungsplattform.
A28: 2.1-III | B28: 2. Digitale Ressourcen | C28: 2.1 | D28: Auswählen digitaler Ressourcen | E28: III | F28: Anwenden | G28: ='2. Digitale Ressourcen'!D7 | H28: Ich suche regelmässig auf verschiedenen Plattformen nach Material, das zu meiner Klasse passt.
A29: 2.1-IV | B29: 2. Digitale Ressourcen | C29: 2.1 | D29: Auswählen digitaler Ressourcen | E29: IV | F29: Integrieren | G29: ='2. Digitale Ressourcen'!D8 | H29: Ich wähle Material nach klaren Kriterien wie Qualität, Zuverlässigkeit und Lizenz aus.
A30: 2.1-V | B30: 2. Digitale Ressourcen | C30: 2.1 | D30: Auswählen digitaler Ressourcen | E30: V | F30: Entwickeln | G30: ='2. Digitale Ressourcen'!D9 | H30: Ich überprüfe meine Auswahlkriterien laufend und berate Kolleginnen und Kollegen.
A31: 2.1-VI | B31: 2. Digitale Ressourcen | C31: 2.1 | D31: Auswählen digitaler Ressourcen | E31: VI | F31: Weitergeben | G31: ='2. Digitale Ressourcen'!D10 | H31: Ich entwickle neue Strategien zur Auswahl digitaler Ressourcen und gebe sie weiter.
A32: 2.2-I | B32: 2. Digitale Ressourcen | C32: 2.2 | D32: Erstellen und Anpassen digitaler Ressourcen | E32: I | F32: Einsteigen | G32: ='2. Digitale Ressourcen'!D13 | H32: Ich weiss, dass ich Material digital erstellen kann, verzichte aber meist darauf. | I32: ='2. Digitale Ressourcen'!E12
A33: 2.2-II | B33: 2. Digitale Ressourcen | C33: 2.2 | D33: Erstellen und Anpassen digitaler Ressourcen | E33: II | F33: Entdecken | G33: ='2. Digitale Ressourcen'!D14 | H33: Ich erstelle erste einfache Materialien, etwa Texte, Präsentationen oder Bilder.
A34: 2.2-III | B34: 2. Digitale Ressourcen | C34: 2.2 | D34: Erstellen und Anpassen digitaler Ressourcen | E34: III | F34: Anwenden | G34: ='2. Digitale Ressourcen'!D15 | H34: Ich erstelle regelmässig digitale Materialien und passe sie an meine Lernenden an.
A35: 2.2-IV | B35: 2. Digitale Ressourcen | C35: 2.2 | D35: Erstellen und Anpassen digitaler Ressourcen | E35: IV | F35: Integrieren | G35: ='2. Digitale Ressourcen'!D16 | H35: Ich gestalte digitale Materialien bewusst nach Lernzielen und Gestaltungsprinzipien.
A36: 2.2-V | B36: 2. Digitale Ressourcen | C36: 2.2 | D36: Erstellen und Anpassen digitaler Ressourcen | E36: V | F36: Entwickeln | G36: ='2. Digitale Ressourcen'!D17 | H36: Ich entwickle komplexe interaktive Lernaktivitäten und teile mein Wissen im Kollegium.
A37: 2.2-VI | B37: 2. Digitale Ressourcen | C37: 2.2 | D37: Erstellen und Anpassen digitaler Ressourcen | E37: VI | F37: Weitergeben | G37: ='2. Digitale Ressourcen'!D18 | H37: Ich entwickle innovative Lernumgebungen mit neuen Technologien und gebe sie weiter.
A38: 2.3-I | B38: 2. Digitale Ressourcen | C38: 2.3 | D38: Organisieren, Schützen und Teilen digitaler Ressourcen | E38: I | F38: Einsteigen | G38: ='2. Digitale Ressourcen'!D21 | H38: Ich speichere digitale Materialien für mich und weiss, dass Urheberrechte gelten. | I38: ='2. Digitale Ressourcen'!E20
A39: 2.3-II | B39: 2. Digitale Ressourcen | C39: 2.3 | D39: Organisieren, Schützen und Teilen digitaler Ressourcen | E39: II | F39: Entdecken | G39: ='2. Digitale Ressourcen'!D22 | H39: Ich teile Material per Link oder Anhang und beachte dabei das Urheberrecht.
A40: 2.3-III | B40: 2. Digitale Ressourcen | C40: 2.3 | D40: Organisieren, Schützen und Teilen digitaler Ressourcen | E40: III | F40: Anwenden | G40: ='2. Digitale Ressourcen'!D23 | H40: Ich teile Material regelmässig und schütze sensible Daten wie Beurteilungen.
A41: 2.3-IV | B41: 2. Digitale Ressourcen | C41: 2.3 | D41: Organisieren, Schützen und Teilen digitaler Ressourcen | E41: IV | F41: Integrieren | G41: ='2. Digitale Ressourcen'!D24 | H41: Ich stelle Material geordnet auf einer Lernplattform bereit und kennzeichne Quellen korrekt.
A42: 2.3-V | B42: 2. Digitale Ressourcen | C42: 2.3 | D42: Organisieren, Schützen und Teilen digitaler Ressourcen | E42: V | F42: Entwickeln | G42: ='2. Digitale Ressourcen'!D25 | H42: Ich überarbeite Materialien für Lernende und stelle sie auch dem Kollegium zur Verfügung.
A43: 2.3-VI | B43: 2. Digitale Ressourcen | C43: 2.3 | D43: Organisieren, Schützen und Teilen digitaler Ressourcen | E43: VI | F43: Weitergeben | G43: ='2. Digitale Ressourcen'!D26 | H43: Ich veröffentliche eigene Materialien mit Lizenz, auch für Lehrpersonen anderer Schulen.
A44: 3.1-I | B44: 3. Lehren und Lernen | C44: 3.1 | D44: Lehren | E44: I | F44: Einsteigen | G44: ='3. Lehren und Lernen'!D5 | H44: Ich weiss, dass digitale Technologien den Unterricht unterstützen können, setze sie aber kaum ein. | I44: ='3. Lehren und Lernen'!E4
A45: 3.1-II | B45: 3. Lehren und Lernen | C45: 3.1 | D45: Lehren | E45: II | F45: Entdecken | G45: ='3. Lehren und Lernen'!D6 | H45: Ich probiere einzelne digitale Werkzeuge im Unterricht aus.
A46: 3.1-III | B46: 3. Lehren und Lernen | C46: 3.1 | D46: Lehren | E46: III | F46: Anwenden | G46: ='3. Lehren und Lernen'!D7 | H46: Digitale Technologien sind ein fester Bestandteil meines Unterrichts und aktivieren die Lernenden.
A47: 3.1-IV | B47: 3. Lehren und Lernen | C47: 3.1 | D47: Lehren | E47: IV | F47: Integrieren | G47: ='3. Lehren und Lernen'!D8 | H47: Ich plane den Einsatz digitaler Technologien von den Lernzielen her.
A48: 3.1-V | B48: 3. Lehren und Lernen | C48: 3.1 | D48: Lehren | E48: V | F48: Entwickeln | G48: ='3. Lehren und Lernen'!D9 | H48: Ich überprüfe, was wirkt, und teile meine Erfahrungen im Kollegium.
A49: 3.1-VI | B49: 3. Lehren und Lernen | C49: 3.1 | D49: Lehren | E49: VI | F49: Weitergeben | G49: ='3. Lehren und Lernen'!D10 | H49: Ich gestalte neue Lernformen mit und gebe sie in Weiterbildungen weiter.
A50: 3.2-I | B50: 3. Lehren und Lernen | C50: 3.2 | D50: Lernbegleitung | E50: I | F50: Einsteigen | G50: ='3. Lehren und Lernen'!D13 | H50: Ich weiss, dass digitale Mittel beim Begleiten des Lernens helfen, nutze sie aber kaum. | I50: ='3. Lehren und Lernen'!E12
A51: 3.2-II | B51: 3. Lehren und Lernen | C51: 3.2 | D51: Lernbegleitung | E51: II | F51: Entdecken | G51: ='3. Lehren und Lernen'!D14 | H51: Ich probiere digitale Wege aus, um Lernenden Feedback und Unterstützung zu geben.
A52: 3.2-III | B52: 3. Lehren und Lernen | C52: 3.2 | D52: Lernbegleitung | E52: III | F52: Anwenden | G52: ='3. Lehren und Lernen'!D15 | H52: Ich gebe regelmässig digital Rückmeldung und lasse Lernende über ihr Lernen nachdenken.
A53: 3.2-IV | B53: 3. Lehren und Lernen | C53: 3.2 | D53: Lernbegleitung | E53: IV | F53: Integrieren | G53: ='3. Lehren und Lernen'!D16 | H53: Ich setze digitale Mittel bewusst für die Selbsteinschätzung der Lernenden ein.
A54: 3.2-V | B54: 3. Lehren und Lernen | C54: 3.2 | D54: Lernbegleitung | E54: V | F54: Entwickeln | G54: ='3. Lehren und Lernen'!D17 | H54: Ich werte digitale Lernspuren aus, passe meine Begleitung an und teile Erfahrungen im Kollegium.
A55: 3.2-VI | B55: 3. Lehren und Lernen | C55: 3.2 | D55: Lernbegleitung | E55: VI | F55: Weitergeben | G55: ='3. Lehren und Lernen'!D18 | H55: Ich entwickle neue Formen der Lernbegleitung und gebe sie in Weiterbildungen weiter.
A56: 3.3-I | B56: 3. Lehren und Lernen | C56: 3.3 | D56: Kollaboratives Lernen | E56: I | F56: Einsteigen | G56: ='3. Lehren und Lernen'!D21 | H56: Ich weiss, dass digitale Mittel die Zusammenarbeit der Lernenden fördern, nutze sie aber selten. | I56: ='3. Lehren und Lernen'!E20
A57: 3.3-II | B57: 3. Lehren und Lernen | C57: 3.3 | D57: Kollaboratives Lernen | E57: II | F57: Entdecken | G57: ='3. Lehren und Lernen'!D22 | H57: Ich lasse Lernende ab und zu digital zusammenarbeiten, etwa in einem gemeinsamen Dokument.
A58: 3.3-III | B58: 3. Lehren und Lernen | C58: 3.3 | D58: Kollaboratives Lernen | E58: III | F58: Anwenden | G58: ='3. Lehren und Lernen'!D23 | H58: Lernende arbeiten in meinem Unterricht regelmässig digital zusammen.
A59: 3.3-IV | B59: 3. Lehren und Lernen | C59: 3.3 | D59: Kollaboratives Lernen | E59: IV | F59: Integrieren | G59: ='3. Lehren und Lernen'!D24 | H59: Ich plane digitale Zusammenarbeit passend zu den Lernzielen meiner Einheiten.
A60: 3.3-V | B60: 3. Lehren und Lernen | C60: 3.3 | D60: Kollaboratives Lernen | E60: V | F60: Entwickeln | G60: ='3. Lehren und Lernen'!D25 | H60: Ich entwickle digitale Formen der Zusammenarbeit weiter und teile Erfahrungen im Kollegium.
A61: 3.3-VI | B61: 3. Lehren und Lernen | C61: 3.3 | D61: Kollaboratives Lernen | E61: VI | F61: Weitergeben | G61: ='3. Lehren und Lernen'!D26 | H61: Ich gestalte neue kollaborative Lernszenarien und gebe sie in Weiterbildungen weiter.
A62: 3.4-I | B62: 3. Lehren und Lernen | C62: 3.4 | D62: Selbstgesteuertes Lernen | E62: I | F62: Einsteigen | G62: ='3. Lehren und Lernen'!D29 | H62: Ich weiss, dass digitale Mittel selbstständiges Lernen fördern, nutze sie aber kaum. | I62: ='3. Lehren und Lernen'!E28
A63: 3.4-II | B63: 3. Lehren und Lernen | C63: 3.4 | D63: Selbstgesteuertes Lernen | E63: II | F63: Entdecken | G63: ='3. Lehren und Lernen'!D30 | H63: Ich probiere digitale Hilfen für die Lernplanung der Lernenden aus, etwa einen Lernplan.
A64: 3.4-III | B64: 3. Lehren und Lernen | C64: 3.4 | D64: Selbstgesteuertes Lernen | E64: III | F64: Anwenden | G64: ='3. Lehren und Lernen'!D31 | H64: Lernende planen und steuern ihr Lernen regelmässig mit digitalen Mitteln.
A65: 3.4-IV | B65: 3. Lehren und Lernen | C65: 3.4 | D65: Selbstgesteuertes Lernen | E65: IV | F65: Integrieren | G65: ='3. Lehren und Lernen'!D32 | H65: Ich setze digitale Mittel bewusst ein, um Selbstständigkeit und Selbstreflexion zu fördern.
A66: 3.4-V | B66: 3. Lehren und Lernen | C66: 3.4 | D66: Selbstgesteuertes Lernen | E66: V | F66: Entwickeln | G66: ='3. Lehren und Lernen'!D33 | H66: Ich passe digitale Werkzeuge für selbstgesteuertes Lernen an und teile Erfahrungen im Kollegium.
A67: 3.4-VI | B67: 3. Lehren und Lernen | C67: 3.4 | D67: Selbstgesteuertes Lernen | E67: VI | F67: Weitergeben | G67: ='3. Lehren und Lernen'!D34 | H67: Ich entwickle neue Lernsettings für selbstgesteuertes Lernen und gebe sie weiter.
A68: 4.1-I | B68: 4. Lerndiagnose und Feedback | C68: 4.1 | D68: Lernstandserhebung | E68: I | F68: Einsteigen | G68: ='4. Lerndiagnose und Feedback'!D5 | H68: Ich weiss, dass es digitale Werkzeuge für Lernkontrollen gibt, verwende sie aber kaum. | I68: ='4. Lerndiagnose und Feedback'!E4
A69: 4.1-II | B69: 4. Lerndiagnose und Feedback | C69: 4.1 | D69: Lernstandserhebung | E69: II | F69: Entdecken | G69: ='4. Lerndiagnose und Feedback'!D6 | H69: Ich übertrage einzelne herkömmliche Lernkontrollen in digitale Form, etwa ein Quiz.
A70: 4.1-III | B70: 4. Lerndiagnose und Feedback | C70: 4.1 | D70: Lernstandserhebung | E70: III | F70: Anwenden | G70: ='4. Lerndiagnose und Feedback'!D7 | H70: Ich erfasse den Lernstand regelmässig mit verschiedenen digitalen Formen.
A71: 4.1-IV | B71: 4. Lerndiagnose und Feedback | C71: 4.1 | D71: Lernstandserhebung | E71: IV | F71: Integrieren | G71: ='4. Lerndiagnose und Feedback'!D8 | H71: Ich wähle die digitale Form danach aus, was genau ich erfassen will.
A72: 4.1-V | B72: 4. Lerndiagnose und Feedback | C72: 4.1 | D72: Lernstandserhebung | E72: V | F72: Entwickeln | G72: ='4. Lerndiagnose und Feedback'!D9 | H72: Ich verbessere meine digitalen Bewertungsformen laufend und teile sie im Kollegium.
A73: 4.1-VI | B73: 4. Lerndiagnose und Feedback | C73: 4.1 | D73: Lernstandserhebung | E73: VI | F73: Weitergeben | G73: ='4. Lerndiagnose und Feedback'!D10 | H73: Ich entwickle neue Bewertungsformen, auch für überfachliche Kompetenzen, und gebe sie weiter.
A74: 4.2-I | B74: 4. Lerndiagnose und Feedback | C74: 4.2 | D74: Analyse der Lernevidenz | E74: I | F74: Einsteigen | G74: ='4. Lerndiagnose und Feedback'!D13 | H74: Ich weiss, dass sich Lernprozesse digital auswerten lassen, mache davon aber kaum Gebrauch. | I74: ='4. Lerndiagnose und Feedback'!E12
A75: 4.2-II | B75: 4. Lerndiagnose und Feedback | C75: 4.2 | D75: Analyse der Lernevidenz | E75: II | F75: Entdecken | G75: ='4. Lerndiagnose und Feedback'!D14 | H75: Ich probiere digitale Werkzeuge aus, um im Unterricht schnell den Lernstand zu sehen.
A76: 4.2-III | B76: 4. Lerndiagnose und Feedback | C76: 4.2 | D76: Analyse der Lernevidenz | E76: III | F76: Anwenden | G76: ='4. Lerndiagnose und Feedback'!D15 | H76: Ich nutze regelmässig digitale Daten, um Beteiligung und Lernfortschritt einzuschätzen.
A77: 4.2-IV | B77: 4. Lerndiagnose und Feedback | C77: 4.2 | D77: Analyse der Lernevidenz | E77: IV | F77: Integrieren | G77: ='4. Lerndiagnose und Feedback'!D16 | H77: Ich werte Lerndaten bewusst aus, um individuelle Rückmeldungen zu geben.
A78: 4.2-V | B78: 4. Lerndiagnose und Feedback | C78: 4.2 | D78: Analyse der Lernevidenz | E78: V | F78: Entwickeln | G78: ='4. Lerndiagnose und Feedback'!D17 | H78: Ich prüfe, welche Daten wirklich helfen, und unterstütze Kolleginnen und Kollegen dabei.
A79: 4.2-VI | B79: 4. Lerndiagnose und Feedback | C79: 4.2 | D79: Analyse der Lernevidenz | E79: VI | F79: Weitergeben | G79: ='4. Lerndiagnose und Feedback'!D18 | H79: Ich entwickle Vorgehensweisen zur Auswertung von Lerndaten und gebe sie weiter.
A80: 4.3-I | B80: 4. Lerndiagnose und Feedback | C80: 4.3 | D80: Feedback und Planung | E80: I | F80: Einsteigen | G80: ='4. Lerndiagnose und Feedback'!D21 | H80: Ich weiss, dass ich digital Feedback geben kann, tue es aber kaum. | I80: ='4. Lerndiagnose und Feedback'!E20
A81: 4.3-II | B81: 4. Lerndiagnose und Feedback | C81: 4.3 | D81: Feedback und Planung | E81: II | F81: Entdecken | G81: ='4. Lerndiagnose und Feedback'!D22 | H81: Ich probiere digitale Werkzeuge für individuelles Feedback aus, etwa Kommentare in Aufgaben.
A82: 4.3-III | B82: 4. Lerndiagnose und Feedback | C82: 4.3 | D82: Feedback und Planung | E82: III | F82: Anwenden | G82: ='4. Lerndiagnose und Feedback'!D23 | H82: Ich gebe regelmässig digitales Feedback, teils auch automatisiert.
A83: 4.3-IV | B83: 4. Lerndiagnose und Feedback | C83: 4.3 | D83: Feedback und Planung | E83: IV | F83: Integrieren | G83: ='4. Lerndiagnose und Feedback'!D24 | H83: Ich setze digitales Feedback bewusst ein, um einzelne Lernende gezielt zu unterstützen.
A84: 4.3-V | B84: 4. Lerndiagnose und Feedback | C84: 4.3 | D84: Feedback und Planung | E84: V | F84: Entwickeln | G84: ='4. Lerndiagnose und Feedback'!D25 | H84: Ich prüfe, welche Feedbackformen wirken, und unterstütze Kolleginnen und Kollegen dabei.
A85: 4.3-VI | B85: 4. Lerndiagnose und Feedback | C85: 4.3 | D85: Feedback und Planung | E85: VI | F85: Weitergeben | G85: ='4. Lerndiagnose und Feedback'!D26 | H85: Ich entwickle Feedbackkonzepte, auch für die Unterrichtsplanung, und gebe sie weiter.
A86: 5.1-I | B86: 5. Schülerorientierung | C86: 5.1 | D86: Barrierefreiheit und digitale Teilhabe | E86: I | F86: Einsteigen | G86: ='5. Schülerorientierung'!D5 | H86: Ich kenne digitale Hürden für Lernende, habe aber kaum Ansätze, sie abzubauen. | I86: ='5. Schülerorientierung'!E4
A87: 5.1-II | B87: 5. Schülerorientierung | C87: 5.1 | D87: Barrierefreiheit und digitale Teilhabe | E87: II | F87: Entdecken | G87: ='5. Schülerorientierung'!D6 | H87: Ich achte beim Einsatz digitaler Mittel auf Zugang und besondere Bedürfnisse der Lernenden.
A88: 5.1-III | B88: 5. Schülerorientierung | C88: 5.1 | D88: Barrierefreiheit und digitale Teilhabe | E88: III | F88: Anwenden | G88: ='5. Schülerorientierung'!D7 | H88: Ich sorge regelmässig dafür, dass alle Lernenden meine digitalen Angebote nutzen können.
A89: 5.1-IV | B89: 5. Schülerorientierung | C89: 5.1 | D89: Barrierefreiheit und digitale Teilhabe | E89: IV | F89: Integrieren | G89: ='5. Schülerorientierung'!D8 | H89: Ich gestalte digitale Lernangebote bewusst barrierefrei, passend zu den Bedürfnissen der Lernenden.
A90: 5.1-V | B90: 5. Schülerorientierung | C90: 5.1 | D90: Barrierefreiheit und digitale Teilhabe | E90: V | F90: Entwickeln | G90: ='5. Schülerorientierung'!D9 | H90: Ich prüfe meinen Unterricht auf Barrieren und tausche mich darüber im Kollegium aus.
A91: 5.1-VI | B91: 5. Schülerorientierung | C91: 5.1 | D91: Barrierefreiheit und digitale Teilhabe | E91: VI | F91: Weitergeben | G91: ='5. Schülerorientierung'!D10 | H91: Ich entwickle Konzepte für digitale Teilhabe, auch für Eltern, und gebe sie weiter.
A92: 5.2-I | B92: 5. Schülerorientierung | C92: 5.2 | D92: Differenzierung | E92: I | F92: Einsteigen | G92: ='5. Schülerorientierung'!D13 | H92: Ich kenne digitale Möglichkeiten zur Differenzierung, nutze sie aber sehr selten. | I92: ='5. Schülerorientierung'!E12
A93: 5.2-II | B93: 5. Schülerorientierung | C93: 5.2 | D93: Differenzierung | E93: II | F93: Entdecken | G93: ='5. Schülerorientierung'!D14 | H93: Ich probiere digitale Übungen oder Lernspiele zur Differenzierung aus.
A94: 5.2-III | B94: 5. Schülerorientierung | C94: 5.2 | D94: Differenzierung | E94: III | F94: Anwenden | G94: ='5. Schülerorientierung'!D15 | H94: Ich nutze regelmässig digitale Angebote auf verschiedenen Niveaus.
A95: 5.2-IV | B95: 5. Schülerorientierung | C95: 5.2 | D95: Differenzierung | E95: IV | F95: Integrieren | G95: ='5. Schülerorientierung'!D16 | H95: Ich gestalte individualisierte Lernumgebungen für die Bedürfnisse meiner Lernenden.
A96: 5.2-V | B96: 5. Schülerorientierung | C96: 5.2 | D96: Differenzierung | E96: V | F96: Entwickeln | G96: ='5. Schülerorientierung'!D17 | H96: Lernende gestalten ihre Lernwege mit; ich prüfe die Wirkung und passe meine Methoden an.
A97: 5.2-VI | B97: 5. Schülerorientierung | C97: 5.2 | D97: Differenzierung | E97: VI | F97: Weitergeben | G97: ='5. Schülerorientierung'!D18 | H97: Ich entwickle Konzepte für digitale Differenzierung und gebe sie weiter.
A98: 5.3-I | B98: 5. Schülerorientierung | C98: 5.3 | D98: Schüleraktivierung | E98: I | F98: Einsteigen | G98: ='5. Schülerorientierung'!D21 | H98: Ich setze digitale Mittel für aktivierende Lernformen nur selten ein. | I98: ='5. Schülerorientierung'!E20
A99: 5.3-II | B99: 5. Schülerorientierung | C99: 5.3 | D99: Schüleraktivierung | E99: II | F99: Entdecken | G99: ='5. Schülerorientierung'!D22 | H99: Ich probiere digitale Mittel aus, um Inhalte motivierend zu vermitteln.
A100: 5.3-III | B100: 5. Schülerorientierung | C100: 5.3 | D100: Schüleraktivierung | E100: III | F100: Anwenden | G100: ='5. Schülerorientierung'!D23 | H100: Ich aktiviere Lernende regelmässig digital, etwa mit selbst erstellten Erklärvideos.
...

Sheet Info
A1: DigCompEdu Bavaria – Selbsteinschätzungswerkzeug: Itemtexte
A3: Quelle | B3: https://digcompedu.alp.dillingen.de/selbsteinschaetzung/ (ALP Dillingen), ausgelesen am 28.09.2026
A4: Umfang | B4: 6 Kompetenzbereiche, 22 Teilbereiche, je 6 Aussagen (Stufen I–VI) = 132 Items
A5: Stufen | B5: I–II Einsteigen/Entdecken · III–IV Anwenden/Integrieren · V–VI Entwickeln/Weitergeben
A6: Hinweis | B6: Die Stufenzuordnung ergibt sich aus der Reihenfolge der Antwortoptionen im Tool (1. Option = Stufe I usw.). Die Einzelbezeichnungen der Stufen (Einsteigen, Entdecken …) folgen dem DigCompEdu-Schema.
A7: Verknüpfung | B7: Die Itemtexte im Reiter «Alle Items» sind per Formel mit den Kapitelreitern verknüpft. Texte bitte nur in den Kapitelreitern (1.–6.) bearbeiten – «Alle Items» übernimmt Änderungen automatisch.
A9: Kurzfassung | B9: Entwurf vom 29.09.2026 in Spalte E der Kapitelreiter. «Alle Items» Spalte H enthält eine Kopie mit Fettdruck (kein Formelbezug, weil Formeln keine Formatierung übernehmen): Änderungen an der Kurzfassung bitte im Kapitelreiter vornehmen und bei Bedarf in «Alle Items» nachführen. Die Beispielzeile bzw. Einleitung pro Teilbereich steht in der Kopfzeile des Teilbereichs (Spalte E). Fett = das Konkrete der Stufe. Die Originaltexte in Spalte D bleiben unverändert.
A10: Regel 1 | B10: Ein Satz pro Stufe, etwa 10 bis 15 Wörter, ein Gedanke.
A11: Regel 2 | B11: Beispiele einmal pro Frage in einer Zeile über den Stufen, nicht in jeder Aussage.
A12: Regel 3 | B12: Feste Stufenlogik, freie Formulierung: Jede Stufe erfüllt in allen Fragen dasselbe Kriterium, die Worte passen sich dem Thema an.
A13: Regel 4 | B13: Das Konkrete fett, nicht ein Standardwort. Die Stufenlabels sorgen für die Wiedererkennung.
A15: Stufe I | B15: Einsteigen: Bewusstsein vorhanden, kaum eigene Praxis
A16: Stufe II | B16: Entdecken: erste Versuche, oft Herkömmliches digital umgesetzt
... A20: Stufe VI | B20: Weitergeben: Neues entwickeln, über die Schule hinaus weitergeben
A22: Wörter heute | B22: =SUM('1. Berufsbezogenes Handeln'!F4:F200)+SUM('2. Digitale Ressourcen'!F4:F200)+SUM('3. Lehren und Lernen'!F4:F200)+SUM('4. Lerndiagnose und Feedback'!F4:F200)+SUM('5. Schülerorientierung'!F4:F200)+SUM('6. Medienkompetenz d. Lernenden'!F4:F200)
A23: Wörter Kurzfassung | B23: =SUM('1. Berufsbezogenes Handeln'!G4:G200)+SUM('2. Digitale Ressourcen'!G4:G200)+SUM('3. Lehren und Lernen'!G4:G200)+SUM('4. Lerndiagnose und Feedback'!G4:G200)+SUM('5. Schülerorientierung'!G4:G200)+SUM('6. Medienkompetenz d. Lernenden'!G4:G200)
A24: Wörter Kurzfassung inkl. Beispielzeilen | B24: =SUMPRODUCT(LEN(TRIM('1. Berufsbezogenes Handeln'!E4:E200))-LEN(SUBSTITUTE(TRIM('1. Berufsbezogenes Handeln'!E4:E200)," ",""))+(LEN(TRIM('1. Berufsbezogenes Handeln'!E4:E200))>0))+SUMPRODUCT(LEN(TRIM('2. Digitale Ressourcen'!E4:E200))-LEN(SUBSTITUTE(TRIM('2. Digitale Ressourcen'!E4:E200)," ",""))+(LEN(TRIM('2. Digitale Ressourcen'!E4:E200))>0))+SUMPRODUCT(LEN(TRIM('3. Lehren und Lernen'!E4:E200))-LEN(SUBSTITUTE(TRIM('3. Lehren und Lernen'!E4:E200)," ",""))+(LEN(TRIM('3. Lehren und Lernen'!E4:E200))>0))+SUMPRODUCT(LEN(TRIM('4. Lerndiagnose und Feedback'!E4:E200))-LEN(SUBSTITUTE(TRIM('4. Lerndiagnose und Feedback'!E4:E200)," ",""))+(LEN(TRIM('4. Lerndiagnose und Feedback'!E4:E200))>0))+SUMPRODUCT(LEN(TRIM('5. Schülerorientierung'!E4:E200))-LEN(SUBSTITUTE(TRIM('5. Schülerorientierung'!E4:E200)," ",""))+(LEN(TRIM('5. Schülerorientierung'!E4:E200))>0))+SUMPRODUCT(LEN(TRIM('6. Medienkompetenz d. Lernenden'!E4:E200))-LEN(SUBSTITUTE(TRIM('6. Medienkompetenz d. Lernenden'!E4:E200)," ",""))+(LEN(TRIM('6. Medienkompetenz d. Lernenden'!E4:E200))>0))

Sheet 1. Berufsbezogenes Handeln
A1: 1. Berufsbezogenes Handeln
A3: Item-ID | B3: Stufe | C3: Stufenbezeichnung | D3: Itemtext | E3: Kurzfassung (Entwurf SZ) | F3: Wörter heute | G3: Wörter Kurzfassung
A4: 1.1 Berufliche Kommunikation | E4: Beispiele: E-Mail, Schulportal, Messenger der Schule, Elternkommunikation, Videokonferenz
A5: 1.1-I | B5: I | C5: Einsteigen | D5: Ich kenne digitale Medien wie E-Mail oder schulische Kommunikationsportale, nutze diese jedoch selten in beruflichen Kontexten. | E5: Ich kenne digitale Kanäle wie E-Mail oder Schulportal, nutze sie beruflich aber selten. | F5: =IF(LEN(TRIM(D5))=0,0,LEN(TRIM(D5))-LEN(SUBSTITUTE(TRIM(D5)," ",""))+1) | G5: =IF(LEN(TRIM(E5))=0,0,LEN(TRIM(E5))-LEN(SUBSTITUTE(TRIM(E5)," ",""))+1)
A6: 1.1-II | B6: II | C6: Entdecken | D6: Ich versuche digitale Medien adressatengerecht für die Kommunikation zu nutzen (z. B. mit Lernenden und Erziehungsberechtigten, im Kollegenkreis oder mit weiterem pädagogischem Personal). | E6: Ich probiere digitale Kanäle für den Austausch mit Lernenden, Eltern und Kollegium aus. | F6: =IF(LEN(TRIM(D6))=0,0,LEN(TRIM(D6))-LEN(SUBSTITUTE(TRIM(D6)," ",""))+1) | G6: =IF(LEN(TRIM(E6))=0,0,LEN(TRIM(E6))-LEN(SUBSTITUTE(TRIM(E6)," ",""))+1)
A7: 1.1-III | B7: III | C7: Anwenden | D7: Ich nutze geeignete digitale Kommunikationskanäle und kommuniziere sprachsensibel. Dabei berücksichtige ich Nutzungsbedingungen und vereinbarte Kommunikationsabläufe. | E7: Ich kommuniziere regelmässig digital und halte mich an vereinbarte Abläufe und Regeln. | F7: =IF(LEN(TRIM(D7))=0,0,LEN(TRIM(D7))-LEN(SUBSTITUTE(TRIM(D7)," ",""))+1) | G7: =IF(LEN(TRIM(E7))=0,0,LEN(TRIM(E7))-LEN(SUBSTITUTE(TRIM(E7)," ",""))+1)
A8: 1.1-IV | B8: IV | C8: Integrieren | D8: Ich wähle aus einem breiten Repertoire an Kommunikationskanälen einen angemessenen Kanal, Stil und das Format für einen bestimmten Kommunikationszweck und -kontext aus. | E8: Ich wähle je nach Anliegen und Empfänger bewusst Kanal, Stil und Format. | F8: =IF(LEN(TRIM(D8))=0,0,LEN(TRIM(D8))-LEN(SUBSTITUTE(TRIM(D8)," ",""))+1) | G8: =IF(LEN(TRIM(E8))=0,0,LEN(TRIM(E8))-LEN(SUBSTITUTE(TRIM(E8)," ",""))+1)
A9: 1.1-V | B9: V | C9: Entwickeln | D9: Ich reflektiere, bewerte und diskutiere im Kollegenkreis die Art und Weise, wie digitale Medien effektiv für die schulische Kommunikation genutzt werden. Ich nutze digitale Medien, um schulorganisatorische Verfahren für Lernende und/oder Erziehungsberechtigte transparent zu machen und ihnen zu ermöglichen, informierte Entscheidungen zu treffen. | E9: Ich überprüfe mit dem Kollegium, wie wir mit Eltern und Lernenden digital kommunizieren. | F9: =IF(LEN(TRIM(D9))=0,0,LEN(TRIM(D9))-LEN(SUBSTITUTE(TRIM(D9)," ",""))+1) | G9: =IF(LEN(TRIM(E9))=0,0,LEN(TRIM(E9))-LEN(SUBSTITUTE(TRIM(E9)," ",""))+1)
A10: 1.1-VI | B10: VI | C10: Weitergeben | D10: Ich trage zur Entwicklung innovativer Konzepte und Strategien für den verantwortungsvollen Einsatz digitaler Technologien für die Kommunikation bei und multipliziere diese auch über die eigene Schule hinaus. | E10: Ich entwickle Kommunikationskonzepte mit und gebe sie über die Schule hinaus weiter. | F10: =IF(LEN(TRIM(D10))=0,0,LEN(TRIM(D10))-LEN(SUBSTITUTE(TRIM(D10)," ",""))+1) | G10: =IF(LEN(TRIM(E10))=0,0,LEN(TRIM(E10))-LEN(SUBSTITUTE(TRIM(E10)," ",""))+1)
A12: 1.2 Kollegiale Zusammenarbeit | E12: Beispiele: gemeinsame Ablage, Online-Plattform, Videokonferenz, Online-Communities für Lehrpersonen
A13: 1.2-I | B13: I | C13: Einsteigen | D13: Ich bin mir bewusst, dass digitale Medien die Zusammenarbeit mit Kolleginnen und Kollegen - auch außerhalb meiner Schule - unterstützen, nutze diese jedoch selten (z. B. kollaborative Online-Plattformen oder Videokonferenzwerkzeuge). | E13: Ich weiss, dass digitale Medien die Zusammenarbeit erleichtern, nutze sie aber selten. | F13: =IF(LEN(TRIM(D13))=0,0,LEN(TRIM(D13))-LEN(SUBSTITUTE(TRIM(D13)," ",""))+1) | G13: =IF(LEN(TRIM(E13))=0,0,LEN(TRIM(E13))-LEN(SUBSTITUTE(TRIM(E13)," ",""))+1)
A14: 1.2-II | B14: II | C14: Entdecken | D14: Ich versuche mit digitalen Medien mit Kolleginnen und Kollegen an meiner Schule zusammenzuarbeiten (z. B. um Inhalte, Wissen oder Meinungen auszutauschen). | E14: Ich tausche mich mit Kolleginnen und Kollegen meiner Schule gelegentlich digital aus. | F14: =IF(LEN(TRIM(D14))=0,0,LEN(TRIM(D14))-LEN(SUBSTITUTE(TRIM(D14)," ",""))+1) | G14: =IF(LEN(TRIM(E14))=0,0,LEN(TRIM(E14))-LEN(SUBSTITUTE(TRIM(E14)," ",""))+1)
A15: 1.2-III | B15: III | C15: Anwenden | D15: Ich nutze Online-Communities (z. B. Twitter oder Internetforen für Lehrkräfte), um neue pädagogische Ressourcen oder Methoden zu entdecken. Auch nutze ich digitale Medien zum Teilen von Materialien und zum Austausch von Wissen und Meinungen in und außerhalb meiner Schule. | E15: Ich teile regelmässig Material digital und hole mir Ideen aus Online-Communities. | F15: =IF(LEN(TRIM(D15))=0,0,LEN(TRIM(D15))-LEN(SUBSTITUTE(TRIM(D15)," ",""))+1) | G15: =IF(LEN(TRIM(E15))=0,0,LEN(TRIM(E15))-LEN(SUBSTITUTE(TRIM(E15)," ",""))+1)
A16: 1.2-IV | B16: IV | C16: Integrieren | D16: Ich wähle aktiv Online-Communities aus, um Ideen und digitale Ressourcen auszutauschen und zu erarbeiten (z. B. mebis-TeachSHARE ). | E16: Ich wähle passende Netzwerke bewusst aus, um Material gemeinsam zu erarbeiten. | F16: =IF(LEN(TRIM(D16))=0,0,LEN(TRIM(D16))-LEN(SUBSTITUTE(TRIM(D16)," ",""))+1) | G16: =IF(LEN(TRIM(E16))=0,0,LEN(TRIM(E16))-LEN(SUBSTITUTE(TRIM(E16)," ",""))+1)
A17: 1.2-V | B17: V | C17: Entwickeln | D17: Durch die Nutzung beruflicher Kooperationsnetzwerke entwickle ich meine berufliche Praxis und meine Kompetenzen weiter. Dadurch erhalte ich Feedback zu pädagogischen Konzepten und Unterrichtsideen. | E17: Ich hole mir über berufliche Netzwerke Feedback zu meiner Praxis und entwickle mich weiter. | F17: =IF(LEN(TRIM(D17))=0,0,LEN(TRIM(D17))-LEN(SUBSTITUTE(TRIM(D17)," ",""))+1) | G17: =IF(LEN(TRIM(E17))=0,0,LEN(TRIM(E17))-LEN(SUBSTITUTE(TRIM(E17)," ",""))+1)
A18: 1.2-VI | B18: VI | C18: Weitergeben | D18: Mit Hilfe von Online-Communities trage ich zur innovativen Weiterentwicklung pädagogischer Praktiken bei. Dabei fördere und unterstütze ich Lehrkräfte auch außerhalb des eigenen Kollegiums bei der Weiterentwicklung ihrer digitalen und pädagogischen Kompetenzen. | E18: Ich unterstütze Lehrpersonen anderer Schulen über Online-Communities bei ihrer Weiterentwicklung. | F18: =IF(LEN(TRIM(D18))=0,0,LEN(TRIM(D18))-LEN(SUBSTITUTE(TRIM(D18)," ",""))+1) | G18: =IF(LEN(TRIM(E18))=0,0,LEN(TRIM(E18))-LEN(SUBSTITUTE(TRIM(E18)," ",""))+1)
A20: 1.3 Reflektiertes Handeln | E20: Worum es geht: die eigene digitale Praxis reflektieren und gezielt weiterentwickeln.
A21: 1.3-I | B21: I | C21: Einsteigen | D21: Ich bin mir bewusst, dass digitale Medien im schulischen Kontext eingesetzt werden können. Jedoch habe ich hierin kaum Erfahrung und bin mir über die Möglichkeiten noch im Unklaren, wie ich mich hier weiterentwickeln kann. | E21: Ich habe wenig Erfahrung und weiss noch nicht, wie ich mich weiterentwickeln kann. | F21: =IF(LEN(TRIM(D21))=0,0,LEN(TRIM(D21))-LEN(SUBSTITUTE(TRIM(D21)," ",""))+1) | G21: =IF(LEN(TRIM(E21))=0,0,LEN(TRIM(E21))-LEN(SUBSTITUTE(TRIM(E21)," ",""))+1)
A22: 1.3-II | B22: II | C22: Entdecken | D22: Ich suche nach Wegen, meine medienbezogenen Lehrkompetenzen weiterzuentwickeln. Dabei bin ich mir der Grenzen meiner eigenen digitalen Kompetenz wie auch notwendiger individueller Entwicklungsbereiche bewusst. | E22: Ich kenne meine Grenzen und suche nach Wegen, meine digitalen Kompetenzen zu erweitern. | F22: =IF(LEN(TRIM(D22))=0,0,LEN(TRIM(D22))-LEN(SUBSTITUTE(TRIM(D22)," ",""))+1) | G22: =IF(LEN(TRIM(E22))=0,0,LEN(TRIM(E22))-LEN(SUBSTITUTE(TRIM(E22)," ",""))+1)
A23: 1.3-III | B23: III | C23: Anwenden | D23: Ich nutze digitale Medien bewusst in verschiedenen schulischen Kontexten und zu unterschiedlichen Zwecken, um mit zeitgemäßen pädagogischen Ansätzen zu experimentieren. Dabei möchte ich meine medienbezogenen Lehrkompetenzen durch Erproben und Peer-Learning weiterentwickeln und verbessern. | E23: Ich experimentiere regelmässig mit digitalen Ansätzen und lerne dabei von Kolleginnen und Kollegen. | F23: =IF(LEN(TRIM(D23))=0,0,LEN(TRIM(D23))-LEN(SUBSTITUTE(TRIM(D23)," ",""))+1) | G23: =IF(LEN(TRIM(E23))=0,0,LEN(TRIM(E23))-LEN(SUBSTITUTE(TRIM(E23)," ",""))+1)
A24: 1.3-IV | B24: IV | C24: Integrieren | D24: Ich analysiere und diskutiere mit Kolleginnen und Kollegen, wie die Nutzung von digitalen Medien zur Erneuerung und Verbesserung der Unterrichtspraxis realisiert werden kann. Ich suche aktiv nach bewährten Praktiken, Kursen oder anderen Ratschlägen, um meine eigenen digitalen pädagogischen Konzepte zu verbessern und digitale Kompetenzen auszuweiten. | E24: Ich suche gezielt nach bewährten Praktiken und Kursen, um meinen Unterricht zu verbessern. | F24: =IF(LEN(TRIM(D24))=0,0,LEN(TRIM(D24))-LEN(SUBSTITUTE(TRIM(D24)," ",""))+1) | G24: =IF(LEN(TRIM(E24))=0,0,LEN(TRIM(E24))-LEN(SUBSTITUTE(TRIM(E24)," ",""))+1)
A25: 1.3-V | B25: V | C25: Entwickeln | D25: Ich unterstütze Kolleginnen und Kollegen dabei, ihre digitalen Kompetenzen weiterzuentwickeln. Ich informiere mich regelmäßig, z. B. in Fachzeitschriften oder im Internet über aktuelle wissenschaftliche Erkenntnisse und übertrage diese in meine Praxis. Zudem bewerte, reflektiere und diskutiere ich über Konzepte und Praxis der Schule hinsichtlich der Nutzung digitaler Medien (z.B. Teilnahme an Kongressen und Organisation von SchiLFS) | E25: Ich verfolge neue Erkenntnisse und diskutiere die digitale Praxis unserer Schule im Kollegium. | F25: =IF(LEN(TRIM(D25))=0,0,LEN(TRIM(D25))-LEN(SUBSTITUTE(TRIM(D25)," ",""))+1) | G25: =IF(LEN(TRIM(E25))=0,0,LEN(TRIM(E25))-LEN(SUBSTITUTE(TRIM(E25)," ",""))+1)
A26: 1.3-VI | B26: VI | C26: Weitergeben | D26: Mit Hilfe digitaler Medien trage ich dazu bei, individuell oder gemeinsam mit Kolleginnen und Kollegen eine Strategie zur Verbesserung der Bildungspraxis zu entwickeln. Ich reflektiere und evaluiere mit Kolleginnen und Kollegen und/oder Wissenschaftlerinnen und Wissenschaftlern verschiedene digitale Praktiken, Methoden und Strategien mit dem Ziel, innovative Konzepte zu entwickeln. (z.B. Mitwirkung an Kongressen oder Barcamps) | E26: Ich entwickle mit anderen, auch mit der Forschung, Strategien für eine bessere Bildungspraxis. | F26: =IF(LEN(TRIM(D26))=0,0,LEN(TRIM(D26))-LEN(SUBSTITUTE(TRIM(D26)," ",""))+1) | G26: =IF(LEN(TRIM(E26))=0,0,LEN(TRIM(E26))-LEN(SUBSTITUTE(TRIM(E26)," ",""))+1)
A28: 1.4 Kontinuierliche Weiterentwicklung | E28: Beispiele: Online-Kurse, Webinare, Erklärvideos, Fachblogs, Bildungsportale
A29: 1.4-I | B29: I | C29: Einsteigen | D29: Ich bin mir bewusst, dass ich mit Hilfe des Internets mein fachspezifisches oder pädagogisches Wissen aktualisieren oder meine Fähigkeiten erweitern kann. | E29: Ich weiss, dass ich mich online weiterbilden könnte, nutze dies aber kaum. | F29: =IF(LEN(TRIM(D29))=0,0,LEN(TRIM(D29))-LEN(SUBSTITUTE(TRIM(D29)," ",""))+1) | G29: =IF(LEN(TRIM(E29))=0,0,LEN(TRIM(E29))-LEN(SUBSTITUTE(TRIM(E29)," ",""))+1)
A30: 1.4-II | B30: II | C30: Entdecken | D30: Ich suche nach Wegen, mit Hilfe des Internets mein fachspezifisches oder pädagogisches Wissen zu aktualisieren. (z.B. Onlineportale, Edu-Blogs, Themenseiten des ISB) | E30: Ich suche gelegentlich online nach Informationen für mein Fach oder meinen Unterricht. | F30: =IF(LEN(TRIM(D30))=0,0,LEN(TRIM(D30))-LEN(SUBSTITUTE(TRIM(D30)," ",""))+1) | G30: =IF(LEN(TRIM(E30))=0,0,LEN(TRIM(E30))-LEN(SUBSTITUTE(TRIM(E30)," ",""))+1)
A31: 1.4-III | B31: III | C31: Anwenden | D31: Ich nutze das Internet, um gezielt passende Fort- und Weiterbildungsangebote und andere Chancen für die berufliche Weiterentwicklung zu identifizieren. (z. B. Identifizierung geeigneter Fortbildungsveranstaltungen) | E31: Ich finde regelmässig passende Weiterbildungsangebote über das Internet. | F31: =IF(LEN(TRIM(D31))=0,0,LEN(TRIM(D31))-LEN(SUBSTITUTE(TRIM(D31)," ",""))+1) | G31: =IF(LEN(TRIM(E31))=0,0,LEN(TRIM(E31))-LEN(SUBSTITUTE(TRIM(E31)," ",""))+1)
A32: 1.4-IV | B32: IV | C32: Integrieren | D32: Ich wähle zielgerichtet Online-Fortbildungen (z. B. eSessions) oder digitales Weiterbildungsmaterial und Video-Tutorials als Quelle für meine berufliche Weiterentwicklung aus. | E32: Ich wähle Online-Kurse und Materialien nach meinem Entwicklungsbedarf aus. | F32: =IF(LEN(TRIM(D32))=0,0,LEN(TRIM(D32))-LEN(SUBSTITUTE(TRIM(D32)," ",""))+1) | G32: =IF(LEN(TRIM(E32))=0,0,LEN(TRIM(E32))-LEN(SUBSTITUTE(TRIM(E32)," ",""))+1)
A33: 1.4-V | B33: V | C33: Entwickeln | D33: Ich berate meine Kolleginnen und Kollegen bei der Wahl von Online-Fortbildungsmöglichkeiten. Dazu sichte ich eine Vielzahl von Angeboten und wähle diejenigen aus, die meinen Weiterentwicklungsbedürfnissen und ggf. denen meiner Kolleginnen und Kollegen am besten entsprechen. Ich nehme aktiv an Online-Fortbildungen teil und trage durch gezieltes Feedback zu deren Verbesserung bei. | E33: Ich berate Kolleginnen und Kollegen bei der Wahl von Online-Weiterbildungen. | F33: =IF(LEN(TRIM(D33))=0,0,LEN(TRIM(D33))-LEN(SUBSTITUTE(TRIM(D33)," ",""))+1) | G33: =IF(LEN(TRIM(E33))=0,0,LEN(TRIM(E33))-LEN(SUBSTITUTE(TRIM(E33)," ",""))+1)
A34: 1.4-VI | B34: VI | C34: Weitergeben | D34: Ich fördere Kolleginnen und Kollegen mit Hilfe digitaler Technologien (z. B. im Rahmen von Fortbildungen, durch persönliche Blogs oder indem ich für sie neues digitales Fortbildungsmaterial entwickle). | E34: Ich gestalte selbst Weiterbildungsangebote oder Materialien für andere Lehrpersonen. | F34: =IF(LEN(TRIM(D34))=0,0,LEN(TRIM(D34))-LEN(SUBSTITUTE(TRIM(D34)," ",""))+1) | G34: =IF(LEN(TRIM(E34))=0,0,LEN(TRIM(E34))-LEN(SUBSTITUTE(TRIM(E34)," ",""))+1)

Sheet 2. Digitale Ressourcen
A1: 2. Digitale Ressourcen
A3: Item-ID | B3: Stufe | C3: Stufenbezeichnung | D3: Itemtext | E3: Kurzfassung (Entwurf SZ) | F3: Wörter heute | G3: Wörter Kurzfassung
A4: 2.1 Auswählen digitaler Ressourcen | E4: Beispiele: Arbeitsblätter, Lernvideos, Online-Quiz, Bildungsplattformen, offene Lernmaterialien (OER)
A5: 2.1-I | B5: I | C5: Einsteigen | D5: Ich bin mir bewusst, dass ich online nach Lehr- und Lernressourcen suchen kann, nutze die Möglichkeit jedoch nicht oder nur selten (z.B. Arbeitsmaterial, Onlinequizze oder Videos). | E5: Ich weiss, dass ich online nach Unterrichtsmaterial suchen kann, tue es aber selten. | F5: =IF(LEN(TRIM(D5))=0,0,LEN(TRIM(D5))-LEN(SUBSTITUTE(TRIM(D5)," ",""))+1) | G5: =IF(LEN(TRIM(E5))=0,0,LEN(TRIM(E5))-LEN(SUBSTITUTE(TRIM(E5)," ",""))+1)
A6: 2.1-II | B6: II | C6: Entdecken | D6: Ich nutze einfache Internet-Suchstrategien, um digitale Lehr- und Lernressourcen zum Beispiel auf Bildungsplattformen wie mebis zu finden. | E6: Ich finde digitales Material mit einfachen Suchstrategien, etwa über eine Bildungsplattform. | F6: =IF(LEN(TRIM(D6))=0,0,LEN(TRIM(D6))-LEN(SUBSTITUTE(TRIM(D6)," ",""))+1) | G6: =IF(LEN(TRIM(E6))=0,0,LEN(TRIM(E6))-LEN(SUBSTITUTE(TRIM(E6)," ",""))+1)
A7: 2.1-III | B7: III | C7: Anwenden | D7: Ich identifiziere und verwende geeignete Online-Werkzeuge und Bildungsplattformen, um nach vielfältigen digitalen Ressourcen zu suchen, die dem Bildungsbedarf meiner Lernenden entsprechen (z. B. mebis). | E7: Ich suche regelmässig auf verschiedenen Plattformen nach Material, das zu meiner Klasse passt. | F7: =IF(LEN(TRIM(D7))=0,0,LEN(TRIM(D7))-LEN(SUBSTITUTE(TRIM(D7)," ",""))+1) | G7: =IF(LEN(TRIM(E7))=0,0,LEN(TRIM(E7))-LEN(SUBSTITUTE(TRIM(E7)," ",""))+1)
A8: 2.1-IV | B8: IV | C8: Integrieren | D8: Ich wähle digitale Ressourcen auf der Grundlage komplexer Kriterien aus und entwickle meine Suchkriterien mit Blick auf den intendierten Kompetenzerwerb weiter, um meine spezifischen Lehr- und Lernziele zu erfüllen (z. B. Bildungswert, Relevanz, Zuverlässigkeit, Gültigkeit, Qualität, Lizenzierung). | E8: Ich wähle Material nach klaren Kriterien wie Qualität, Zuverlässigkeit und Lizenz aus. | F8: =IF(LEN(TRIM(D8))=0,0,LEN(TRIM(D8))-LEN(SUBSTITUTE(TRIM(D8)," ",""))+1) | G8: =IF(LEN(TRIM(E8))=0,0,LEN(TRIM(E8))-LEN(SUBSTITUTE(TRIM(E8)," ",""))+1)
A9: 2.1-V | B9: V | C9: Entwickeln | D9: Ich reflektiere und bewerte meine Suchergebnisse umfassend und passe meine Auswahlkriterien ggf. neu und flexibel an (z. B. Prüfung von Genauigkeit und Neutralität). Außerdem berate ich meine Kolleginnen und Kollegen. | E9: Ich überprüfe meine Auswahlkriterien laufend und berate Kolleginnen und Kollegen. | F9: =IF(LEN(TRIM(D9))=0,0,LEN(TRIM(D9))-LEN(SUBSTITUTE(TRIM(D9)," ",""))+1) | G9: =IF(LEN(TRIM(E9))=0,0,LEN(TRIM(E9))-LEN(SUBSTITUTE(TRIM(E9)," ",""))+1)
A10: 2.1-VI | B10: VI | C10: Weitergeben | D10: Ich entwickle und multipliziere innovative Strategien zur Auswahl, Identifizierung und Auswertung digitaler Ressourcen. | E10: Ich entwickle neue Strategien zur Auswahl digitaler Ressourcen und gebe sie weiter. | F10: =IF(LEN(TRIM(D10))=0,0,LEN(TRIM(D10))-LEN(SUBSTITUTE(TRIM(D10)," ",""))+1) | G10: =IF(LEN(TRIM(E10))=0,0,LEN(TRIM(E10))-LEN(SUBSTITUTE(TRIM(E10)," ",""))+1)
A12: 2.2 Erstellen und Anpassen digitaler Ressourcen | E12: Beispiele: Präsentationen, interaktive Übungen, Erklärvideos, Lernpfade, digitale Lernumgebungen
A13: 2.2-I | B13: I | C13: Einsteigen | D13: Ich bin mir der Tatsache bewusst, dass ich bestehende Ressourcen in digitaler Form erstellen oder anpassen kann, verzichte aber meist darauf (z. B. Textverarbeitung, Bilder, Fotos, Audio, Video). | E13: Ich weiss, dass ich Material digital erstellen kann, verzichte aber meist darauf. | F13: =IF(LEN(TRIM(D13))=0,0,LEN(TRIM(D13))-LEN(SUBSTITUTE(TRIM(D13)," ",""))+1) | G13: =IF(LEN(TRIM(E13))=0,0,LEN(TRIM(E13))-LEN(SUBSTITUTE(TRIM(E13)," ",""))+1)
A14: 2.2-II | B14: II | C14: Entdecken | D14: Ich entdecke für mich neue digitale Ressourcen und habe bereits versucht, eigene Ressourcen mit Hilfe von einfachen Tools zu erstellen oder anzupassen (z. B. Textverarbeitung, Bilder, Tabellen, Präsentationen, Audio- oder Videodateien). | E14: Ich erstelle erste einfache Materialien, etwa Texte, Präsentationen oder Bilder. | F14: =IF(LEN(TRIM(D14))=0,0,LEN(TRIM(D14))-LEN(SUBSTITUTE(TRIM(D14)," ",""))+1) | G14: =IF(LEN(TRIM(E14))=0,0,LEN(TRIM(E14))-LEN(SUBSTITUTE(TRIM(E14)," ",""))+1)
A15: 2.2-III | B15: III | C15: Anwenden | D15: Ich identifiziere und verwende geeignete digitale Tools, um Ressourcen zu erstellen und passe sie ggf. sach-und situationsgerecht an, um den Bedürfnissen der Lernenden zu entsprechen (z. B. interaktive Texte, Multimedia-Präsentationen, Quizze, Spiele, Online-Aktivitäten und Unterricht). | E15: Ich erstelle regelmässig digitale Materialien und passe sie an meine Lernenden an. | F15: =IF(LEN(TRIM(D15))=0,0,LEN(TRIM(D15))-LEN(SUBSTITUTE(TRIM(D15)," ",""))+1) | G15: =IF(LEN(TRIM(E15))=0,0,LEN(TRIM(E15))-LEN(SUBSTITUTE(TRIM(E15)," ",""))+1)
A16: 2.2-IV | B16: IV | C16: Integrieren | D16: Ich wende Gestaltungsprinzipien und -prozesse an, um digitale Ressourcen zu schaffen oder systematisch anzupassen, damit sie den Lehr- und Lernzielen entsprechen (z.B. Entwerfen eines Onlinelernspiels, digitale Lernumgebungen, Erklärvideos). | E16: Ich gestalte digitale Materialien bewusst nach Lernzielen und Gestaltungsprinzipien. | F16: =IF(LEN(TRIM(D16))=0,0,LEN(TRIM(D16))-LEN(SUBSTITUTE(TRIM(D16)," ",""))+1) | G16: =IF(LEN(TRIM(E16))=0,0,LEN(TRIM(E16))-LEN(SUBSTITUTE(TRIM(E16)," ",""))+1)
A17: 2.2-V | B17: V | C17: Entwickeln | D17: Ich erstelle Konzepte für komplexe und interaktive digitale Lernaktivitäten und/oder passe diese an (z. B. interaktive Arbeitsbögen, Lernaktivitäten wie Wikis, Blogs, Lernpfade). Ich reflektiere kritisch, inwiefern sich verschiedene Methoden für die Erstellung digitaler Ressourcen eignen und gebe mein Wissen im Kollegenkreis weiter. | E17: Ich entwickle komplexe interaktive Lernaktivitäten und teile mein Wissen im Kollegium. | F17: =IF(LEN(TRIM(D17))=0,0,LEN(TRIM(D17))-LEN(SUBSTITUTE(TRIM(D17)," ",""))+1) | G17: =IF(LEN(TRIM(E17))=0,0,LEN(TRIM(E17))-LEN(SUBSTITUTE(TRIM(E17)," ",""))+1)
A18: 2.2-VI | B18: VI | C18: Weitergeben | D18: Ich entwickle und multipliziere komplexe und innovative digitale Ressourcen für Lehr-/Lernkontexte (z. B.digitale Lernumgebungen mit 3D-Animationen) unter Berücksichtigung neuester technischer Entwicklungen. | E18: Ich entwickle innovative Lernumgebungen mit neuen Technologien und gebe sie weiter. | F18: =IF(LEN(TRIM(D18))=0,0,LEN(TRIM(D18))-LEN(SUBSTITUTE(TRIM(D18)," ",""))+1) | G18: =IF(LEN(TRIM(E18))=0,0,LEN(TRIM(E18))-LEN(SUBSTITUTE(TRIM(E18)," ",""))+1)
A20: 2.3 Organisieren, Schützen und Teilen digitaler Ressourcen | E20: Beispiele: Ablage in der Cloud, Links teilen, Lernplattform, Urheberrecht, Schutz von Personendaten
A21: 2.3-I | B21: I | C21: Einsteigen | D21: Ich speichere und verwalte digitale Ressourcen, wie z. B. Arbeitsmaterial, Fotos oder Videos zur eigenen Verwendung. Ich bin mir der Tatsache bewusst, dass einige der im Internet verbreiteten Ressourcen dem Urheberrecht unterliegen. | E21: Ich speichere digitale Materialien für mich und weiss, dass Urheberrechte gelten. | F21: =IF(LEN(TRIM(D21))=0,0,LEN(TRIM(D21))-LEN(SUBSTITUTE(TRIM(D21)," ",""))+1) | G21: =IF(LEN(TRIM(E21))=0,0,LEN(TRIM(E21))-LEN(SUBSTITUTE(TRIM(E21)," ",""))+1)
A22: 2.3-II | B22: II | C22: Entdecken | D22: Ich teile Unterrichtsmaterialien (z. B. Texte und interaktive Aufgaben) unter Beachtung des Urheberrechts als Anhang einer Nachricht oder durch die Weitergabe von Links. | E22: Ich teile Material per Link oder Anhang und beachte dabei das Urheberrecht. | F22: =IF(LEN(TRIM(D22))=0,0,LEN(TRIM(D22))-LEN(SUBSTITUTE(TRIM(D22)," ",""))+1) | G22: =IF(LEN(TRIM(E22))=0,0,LEN(TRIM(E22))-LEN(SUBSTITUTE(TRIM(E22)," ",""))+1)
A23: 2.3-III | B23: III | C23: Anwenden | D23: Ich teile verantwortungsvoll Unterrichtsmaterialien (z. B. Verschlüsselung von Texten, Videos, Lernspiele und Aufgaben) im Rahmen des digital gestützten Lernens und schütze sensible Inhalte wie Leistungserhebungen oder Berichte der Lehrkräfte effektiv. | E23: Ich teile Material regelmässig und schütze sensible Daten wie Beurteilungen. | F23: =IF(LEN(TRIM(D23))=0,0,LEN(TRIM(D23))-LEN(SUBSTITUTE(TRIM(D23)," ",""))+1) | G23: =IF(LEN(TRIM(E23))=0,0,LEN(TRIM(E23))-LEN(SUBSTITUTE(TRIM(E23)," ",""))+1)
A24: 2.3-IV | B24: IV | C24: Integrieren | D24: Ich teile Ressourcen (z. B. Texte, Videos, Lernspiele und interaktive Aufgaben) professionell, indem ich sie in digitale Lernumgebungen einbette. Ich schütze persönliche und sensible Daten effektiv. Ich kennzeichne Ressourcen, die dem Urheberrecht unterliegen, richtig. | E24: Ich stelle Material geordnet auf einer Lernplattform bereit und kennzeichne Quellen korrekt. | F24: =IF(LEN(TRIM(D24))=0,0,LEN(TRIM(D24))-LEN(SUBSTITUTE(TRIM(D24)," ",""))+1) | G24: =IF(LEN(TRIM(E24))=0,0,LEN(TRIM(E24))-LEN(SUBSTITUTE(TRIM(E24)," ",""))+1)
A25: 2.3-V | B25: V | C25: Entwickeln | D25: Ich durchdenke den Sinn bestehender digitaler Ressourcen und gestalte sie ggf. neu, um sie in interaktive, auf den Lernenden ausgerichtete Aktivitäten zu integrieren. Ich veröffentliche die Ressourcen (online) und mache sie so für die Lernenden und andere Lehrkräfte zugänglich (z. B. Anpassung digitaler Ressourcen und digital erweiterter Aufgaben in einem Online-Kurs, einer Online-Beurteilung, einem kollaborativen Online-Projekt, einem Wiki, einem Blog oder einem virtuellen Lernraum). | E25: Ich überarbeite Materialien für Lernende und stelle sie auch dem Kollegium zur Verfügung. | F25: =IF(LEN(TRIM(D25))=0,0,LEN(TRIM(D25))-LEN(SUBSTITUTE(TRIM(D25)," ",""))+1) | G25: =IF(LEN(TRIM(E25))=0,0,LEN(TRIM(E25))-LEN(SUBSTITUTE(TRIM(E25)," ",""))+1)
A26: 2.3-VI | B26: VI | C26: Weitergeben | D26: Ich erstelle innovative digitale Ressourcen selbst, lizenziere sie und veröffentliche sie für die Lernenden und andere Lehrkräfte (z. B. digital erweiterte Aufgaben in einem Online-Kurs, einer Online-Beurteilung, einem kollaborativen Online-Projekt oder einem virtuellen Lernraum). | E26: Ich veröffentliche eigene Materialien mit Lizenz, auch für Lehrpersonen anderer Schulen. | F26: =IF(LEN(TRIM(D26))=0,0,LEN(TRIM(D26))-LEN(SUBSTITUTE(TRIM(D26)," ",""))+1) | G26: =IF(LEN(TRIM(E26))=0,0,LEN(TRIM(E26))-LEN(SUBSTITUTE(TRIM(E26)," ",""))+1)

Sheet 3. Lehren und Lernen
A1: 3. Lehren und Lernen
A3: Item-ID | B3: Stufe | C3: Stufenbezeichnung | D3: Itemtext | E3: Kurzfassung (Entwurf SZ) | F3: Wörter heute | G3: Wörter Kurzfassung
A4: 3.1 Lehren | E4: Beispiele: Apps, Lernplattform, interaktive Wandtafel, Simulationen, Tools für die Zusammenarbeit
A5: 3.1-I | B5: I | C5: Einsteigen | D5: Ich bin mir bewusst, dass digitale Technologien wie beispielsweise Programme, Apps und cloudbasierte Ressourcen das Lehren und Lernen unterstützen und verbessern können, nutze diese Möglichkeit jedoch selten. | E5: Ich weiss, dass digitale Technologien den Unterricht unterstützen können, setze sie aber kaum ein. | F5: =IF(LEN(TRIM(D5))=0,0,LEN(TRIM(D5))-LEN(SUBSTITUTE(TRIM(D5)," ",""))+1) | G5: =IF(LEN(TRIM(E5))=0,0,LEN(TRIM(E5))-LEN(SUBSTITUTE(TRIM(E5)," ",""))+1)
A6: 3.1-II | B6: II | C6: Entdecken | D6: Ich versuche digitale Technologien wie beispielsweise Programme, mobile Apps und Tools, onlinebasierte Ressourcen oder interaktive Whiteboards zur Unterstützung oder Verbesserung meiner Unterrichtspraxis zu nutzen und die Lernenden zur Nutzung zu motivieren. | E6: Ich probiere einzelne digitale Werkzeuge im Unterricht aus. | F6: =IF(LEN(TRIM(D6))=0,0,LEN(TRIM(D6))-LEN(SUBSTITUTE(TRIM(D6)," ",""))+1) | G6: =IF(LEN(TRIM(E6))=0,0,LEN(TRIM(E6))-LEN(SUBSTITUTE(TRIM(E6)," ",""))+1)
A7: 3.1-III | B7: III | C7: Anwenden | D7: Ich verwende sach- und situationsgerecht verschiedene digitale Technologien, die innovative pädagogische Ansätze unterstützen können und die aktive Beteiligung der Lernenden an ihren Lernprozessen fördern. Diese umfassen z.B. problembasiertes Lernen, Selbstbewertung und Coaching durch andere Lernende. | E7: Digitale Technologien sind ein fester Bestandteil meines Unterrichts und aktivieren die Lernenden. | F7: =IF(LEN(TRIM(D7))=0,0,LEN(TRIM(D7))-LEN(SUBSTITUTE(TRIM(D7)," ",""))+1) | G7: =IF(LEN(TRIM(E7))=0,0,LEN(TRIM(E7))-LEN(SUBSTITUTE(TRIM(E7)," ",""))+1)
A8: 3.1-IV | B8: IV | C8: Integrieren | D8: Ich wähle digitale Technologien (z.B. Simulationen, interaktive Online-Tools und kollaborative Umgebungen) systematisch aus, um die Lernziele in meinen Lernkonzepten zu erreichen. | E8: Ich plane den Einsatz digitaler Technologien von den Lernzielen her. | F8: =IF(LEN(TRIM(D8))=0,0,LEN(TRIM(D8))-LEN(SUBSTITUTE(TRIM(D8)," ",""))+1) | G8: =IF(LEN(TRIM(E8))=0,0,LEN(TRIM(E8))-LEN(SUBSTITUTE(TRIM(E8)," ",""))+1)
A9: 3.1-V | B9: V | C9: Entwickeln | D9: Ich bewerte und gestalte den Einsatz digitaler Technologien zur flexiblen Anpassung von Lehrmethoden und innovativen Lernansätzen wie z.B. Coaching durch andere Lernende, Modellierung und Beratung. Ich berate mit Kolleginnen und Kollegen meine Strategien und gebe dieses Wissen im Kollegenkreis weiter. | E9: Ich überprüfe, was wirkt, und teile meine Erfahrungen im Kollegium. | F9: =IF(LEN(TRIM(D9))=0,0,LEN(TRIM(D9))-LEN(SUBSTITUTE(TRIM(D9)," ",""))+1) | G9: =IF(LEN(TRIM(E9))=0,0,LEN(TRIM(E9))-LEN(SUBSTITUTE(TRIM(E9)," ",""))+1)
A10: 3.1-VI | B10: VI | C10: Weitergeben | D10: Ich trage zur Entwicklung innovativer Lernpraktiken mit digitalen Technologien bei wie z.B. Online-Workshops, Co-Teaching und Reflexionsgespräche über die Wirksamkeit des Einsatzes digitaler Technologien. Diese gebe ich in regionalen und überregionalen Fortbildungen weiter. | E10: Ich gestalte neue Lernformen mit und gebe sie in Weiterbildungen weiter. | F10: =IF(LEN(TRIM(D10))=0,0,LEN(TRIM(D10))-LEN(SUBSTITUTE(TRIM(D10)," ",""))+1) | G10: =IF(LEN(TRIM(E10))=0,0,LEN(TRIM(E10))-LEN(SUBSTITUTE(TRIM(E10)," ",""))+1)
A12: 3.2 Lernbegleitung | E12: Beispiele: automatisches Feedback, Chat, Umfrage, gemeinsames Online-Dokument, Lernverlauf auf der Plattform
A13: 3.2-I | B13: I | C13: Einsteigen | D13: Ich bin mir bewusst, dass digitale Technologien dazu dienen können, Feedback zu geben und über Lehr- und Lernmethoden zu reflektieren, nutze diese Möglichkeit jedoch kaum oder gar nicht. | E13: Ich weiss, dass digitale Mittel beim Begleiten des Lernens helfen, nutze sie aber kaum. | F13: =IF(LEN(TRIM(D13))=0,0,LEN(TRIM(D13))-LEN(SUBSTITUTE(TRIM(D13)," ",""))+1) | G13: =IF(LEN(TRIM(E13))=0,0,LEN(TRIM(E13))-LEN(SUBSTITUTE(TRIM(E13)," ",""))+1)
A14: 3.2-II | B14: II | C14: Entdecken | D14: Ich versuche digitale Technologien zu nutzen, um den Lernenden Feedback und Unterstützung zu geben (z.B. automatisiertes Feedback, Links zu Online-Tutorials, Chat). | E14: Ich probiere digitale Wege aus, um Lernenden Feedback und Unterstützung zu geben. | F14: =IF(LEN(TRIM(D14))=0,0,LEN(TRIM(D14))-LEN(SUBSTITUTE(TRIM(D14)," ",""))+1) | G14: =IF(LEN(TRIM(E14))=0,0,LEN(TRIM(E14))-LEN(SUBSTITUTE(TRIM(E14)," ",""))+1)
A15: 3.2-III | B15: III | C15: Anwenden | D15: Ich verwende, je nach Anforderung, verschiedene digitale Technologien (z.B.Chats, Diskussionsforen und Umfragen im Unterricht) um den Lernenden ein Feedback zu geben und ihnen die Möglichkeit einzuräumen, über ihr Lernen nachzudenken. | E15: Ich gebe regelmässig digital Rückmeldung und lasse Lernende über ihr Lernen nachdenken. | F15: =IF(LEN(TRIM(D15))=0,0,LEN(TRIM(D15))-LEN(SUBSTITUTE(TRIM(D15)," ",""))+1) | G15: =IF(LEN(TRIM(E15))=0,0,LEN(TRIM(E15))-LEN(SUBSTITUTE(TRIM(E15)," ",""))+1)
A16: 3.2-IV | B16: IV | C16: Integrieren | D16: Ich setze digitale Technologien (z.B. gemeinsame Online-Dokumente, Aufzeichnungen von Lernaktivitäten und begleitete Reflexion) systematisch ein, um den Lernenden die Möglichkeit zu geben, eine Selbstbewertung durchzuführen und dadurch an der Gestaltung des Lernprozesses teilzuhaben. | E16: Ich setze digitale Mittel bewusst für die Selbsteinschätzung der Lernenden ein. | F16: =IF(LEN(TRIM(D16))=0,0,LEN(TRIM(D16))-LEN(SUBSTITUTE(TRIM(D16)," ",""))+1) | G16: =IF(LEN(TRIM(E16))=0,0,LEN(TRIM(E16))-LEN(SUBSTITUTE(TRIM(E16)," ",""))+1)
A17: 3.2-V | B17: V | C17: Entwickeln | D17: Ich analysiere und bewerte Lernen neu unter Berücksichtigung von Erkenntnissen, die durch digitale Technologien (z.B. Aufzeichnungen von Lernaktivitäten und Learning Analytics) gewonnen wurden. Ich berate mit Kolleginnen und Kollegen meine Strategien und gebe dieses Wissen im Kollegenkreis weiter. | E17: Ich werte digitale Lernspuren aus, passe meine Begleitung an und teile Erfahrungen im Kollegium. | F17: =IF(LEN(TRIM(D17))=0,0,LEN(TRIM(D17))-LEN(SUBSTITUTE(TRIM(D17)," ",""))+1) | G17: =IF(LEN(TRIM(E17))=0,0,LEN(TRIM(E17))-LEN(SUBSTITUTE(TRIM(E17)," ",""))+1)
A18: 3.2-VI | B18: VI | C18: Weitergeben | D18: Ich entwickle innovative Ansätze zur Unterstützung und Begleitung des Lernprozesses. Im Zuge dessen werden digitale Technologien (z.B. Diskussionsforen, gemeinsame Dokumente und FAQ-Sheets) eingesetzt. Diese gebe ich in regionalen und überregionalen Fortbildungen weiter. | E18: Ich entwickle neue Formen der Lernbegleitung und gebe sie in Weiterbildungen weiter. | F18: =IF(LEN(TRIM(D18))=0,0,LEN(TRIM(D18))-LEN(SUBSTITUTE(TRIM(D18)," ",""))+1) | G18: =IF(LEN(TRIM(E18))=0,0,LEN(TRIM(E18))-LEN(SUBSTITUTE(TRIM(E18)," ",""))+1)
A20: 3.3 Kollaboratives Lernen | E20: Beispiele: gemeinsame Online-Dokumente, Forum, Wiki, Projektplattform, virtueller Austausch
A21: 3.3-I | B21: I | C21: Einsteigen | D21: Ich bin mir bewusst, dass digitale Technologien genutzt werden können, um die Zusammenarbeit der Lernenden beim Lernen (z.B. im Rahmen von Online-Zusammenarbeit und der gemeinsamen Nutzung von Lernressourcen) zu fördern und zu verbessern, nutze diese Möglichkeit jedoch selten oder nicht. | E21: Ich weiss, dass digitale Mittel die Zusammenarbeit der Lernenden fördern, nutze sie aber selten. | F21: =IF(LEN(TRIM(D21))=0,0,LEN(TRIM(D21))-LEN(SUBSTITUTE(TRIM(D21)," ",""))+1) | G21: =IF(LEN(TRIM(E21))=0,0,LEN(TRIM(E21))-LEN(SUBSTITUTE(TRIM(E21)," ",""))+1)
A22: 3.3-II | B22: II | C22: Entdecken | D22: Ich versuche digitale Technologien (z.B. gemeinsame Dokumente und Beiträge in Foren) zur Unterstützung und Verbesserung kollaborativer Aktivitäten von Lernenden zu nutzen und die Lernenden dazu zu motivieren. | E22: Ich lasse Lernende ab und zu digital zusammenarbeiten, etwa in einem gemeinsamen Dokument. | F22: =IF(LEN(TRIM(D22))=0,0,LEN(TRIM(D22))-LEN(SUBSTITUTE(TRIM(D22)," ",""))+1) | G22: =IF(LEN(TRIM(E22))=0,0,LEN(TRIM(E22))-LEN(SUBSTITUTE(TRIM(E22)," ",""))+1)
A23: 3.3-III | B23: III | C23: Anwenden | D23: Ich verwende verschiedene digitale Technologien und Medien situationsgerecht (z.B. Foren, Wikis und kollaborative Lernprodukte), um das kollaborative Lernen zu unterstützen und zu verbessern. | E23: Lernende arbeiten in meinem Unterricht regelmässig digital zusammen. | F23: =IF(LEN(TRIM(D23))=0,0,LEN(TRIM(D23))-LEN(SUBSTITUTE(TRIM(D23)," ",""))+1) | G23: =IF(LEN(TRIM(E23))=0,0,LEN(TRIM(E23))-LEN(SUBSTITUTE(TRIM(E23)," ",""))+1)
A24: 3.3-IV | B24: IV | C24: Integrieren | D24: Ich wende digitale Technologien systematisch in meinen Lernkonzepten an, um das kollaborative Lernen zu verbessern und zu unterstützen (z.B. im Rahmen von Gruppenreflexion, Projektentwicklung und Austausch). | E24: Ich plane digitale Zusammenarbeit passend zu den Lernzielen meiner Einheiten. | F24: =IF(LEN(TRIM(D24))=0,0,LEN(TRIM(D24))-LEN(SUBSTITUTE(TRIM(D24)," ",""))+1) | G24: =IF(LEN(TRIM(E24))=0,0,LEN(TRIM(E24))-LEN(SUBSTITUTE(TRIM(E24)," ",""))+1)
A25: 3.3-V | B25: V | C25: Entwickeln | D25: Ich entwickle die Nutzung digitaler Technologien zum Wissensaufbau weiter (z.B. die gemeinsame Teilnahme an Projekten, der virtuelle Austausch und die Nutzung digitaler Tools für Kommunikation). Ich berate mit Kolleginnen und Kollegen meine Strategien und gebe dieses Wissen im Kollegenkreis weiter. | E25: Ich entwickle digitale Formen der Zusammenarbeit weiter und teile Erfahrungen im Kollegium. | F25: =IF(LEN(TRIM(D25))=0,0,LEN(TRIM(D25))-LEN(SUBSTITUTE(TRIM(D25)," ",""))+1) | G25: =IF(LEN(TRIM(E25))=0,0,LEN(TRIM(E25))-LEN(SUBSTITUTE(TRIM(E25)," ",""))+1)
A26: 3.3-VI | B26: VI | C26: Weitergeben | D26: Ich entwickle innovative Lernszenarien, indem ich Möglichkeiten der Zusammenarbeit zur Unterstützung des Lernens (z.B. Nutzung synchroner und asynchroner Online-Umgebungen sowie Mitgestaltung und gemeinsame Erstellung von Lernmaterial) anbiete. Diese gebe ich in regionalen und überregionalen Fortbildungen weiter. | E26: Ich gestalte neue kollaborative Lernszenarien und gebe sie in Weiterbildungen weiter. | F26: =IF(LEN(TRIM(D26))=0,0,LEN(TRIM(D26))-LEN(SUBSTITUTE(TRIM(D26)," ",""))+1) | G26: =IF(LEN(TRIM(E26))=0,0,LEN(TRIM(E26))-LEN(SUBSTITUTE(TRIM(E26)," ",""))+1)
A28: 3.4 Selbstgesteuertes Lernen | E28: Beispiele: digitaler Lernplan, Lernjournal, Fortschrittsanzeige, E-Portfolio, Lernplattform
A29: 3.4-I | B29: I | C29: Einsteigen | D29: Ich bin mir bewusst, dass digitale Technologien genutzt werden können, um aktives und autonomes Lernen (z.B. Planung, Zielsetzung und Aufzeichnung von Fortschritten) zu fördern, nutze diese Möglichkeit jedoch kaum oder gar nicht. | E29: Ich weiss, dass digitale Mittel selbstständiges Lernen fördern, nutze sie aber kaum. | F29: =IF(LEN(TRIM(D29))=0,0,LEN(TRIM(D29))-LEN(SUBSTITUTE(TRIM(D29)," ",""))+1) | G29: =IF(LEN(TRIM(E29))=0,0,LEN(TRIM(E29))-LEN(SUBSTITUTE(TRIM(E29)," ",""))+1)
A30: 3.4-II | B30: II | C30: Entdecken | D30: Ich versuche digitale Technologien zur Unterstützung der Lernenden bei der Planung ihres eigenen Lernens (z.B. in der Verwendung von digitalen Kalendern und Aufzeichnung von Fortschritten) zu nutzen und sie dazu zu motivieren. | E30: Ich probiere digitale Hilfen für die Lernplanung der Lernenden aus, etwa einen Lernplan. | F30: =IF(LEN(TRIM(D30))=0,0,LEN(TRIM(D30))-LEN(SUBSTITUTE(TRIM(D30)," ",""))+1) | G30: =IF(LEN(TRIM(E30))=0,0,LEN(TRIM(E30))-LEN(SUBSTITUTE(TRIM(E30)," ",""))+1)
A31: 3.4-III | B31: III | C31: Anwenden | D31: Ich verwende verschiedene digitale Technologien (z.B. Online-Lernumgebungen, Werkzeuge und Räume für die Zusammenarbeit) situationsgerecht, um die Lernenden bei der Planung und Steuerung ihres eigenen Lernens zu unterstützen. | E31: Lernende planen und steuern ihr Lernen regelmässig mit digitalen Mitteln. | F31: =IF(LEN(TRIM(D31))=0,0,LEN(TRIM(D31))-LEN(SUBSTITUTE(TRIM(D31)," ",""))+1) | G31: =IF(LEN(TRIM(E31))=0,0,LEN(TRIM(E31))-LEN(SUBSTITUTE(TRIM(E31)," ",""))+1)
A32: 3.4-IV | B32: IV | C32: Integrieren | D32: Ich wende digitale Technologien in meinen Lernkonzepten systematisch auf der Grundlage ihrer Eigenschaften an, um die selbstgesteuerten Lernfähigkeiten und die Autonomie der Lernenden zu steuern und zu fördern. Diese umfassen z.B. Eigeninitiative in Bezug auf das eigene Lernen, kreatives Eingehen auf neue Lernsituationen und Selbstreflexion, um den eigenen Fortschritt zu planen. | E32: Ich setze digitale Mittel bewusst ein, um Selbstständigkeit und Selbstreflexion zu fördern. | F32: =IF(LEN(TRIM(D32))=0,0,LEN(TRIM(D32))-LEN(SUBSTITUTE(TRIM(D32)," ",""))+1) | G32: =IF(LEN(TRIM(E32))=0,0,LEN(TRIM(E32))-LEN(SUBSTITUTE(TRIM(E32)," ",""))+1)
A33: 3.4-V | B33: V | C33: Entwickeln | D33: Ich gestalte digitale Technologien und passe diese an, damit sie von Lernenden zur Förderung ihres selbstgesteuerten Lernens eingesetzt werden, indem sie z.B. über ihre Lernstrategien reflektieren oder Lernergebnisse sammeln und teilen. Ich berate mit Kolleginnen und Kollegen meine Strategien und gebe dieses Wissen im Kollegenkreis weiter. | E33: Ich passe digitale Werkzeuge für selbstgesteuertes Lernen an und teile Erfahrungen im Kollegium. | F33: =IF(LEN(TRIM(D33))=0,0,LEN(TRIM(D33))-LEN(SUBSTITUTE(TRIM(D33)," ",""))+1) | G33: =IF(LEN(TRIM(E33))=0,0,LEN(TRIM(E33))-LEN(SUBSTITUTE(TRIM(E33)," ",""))+1)
A34: 3.4-VI | B34: VI | C34: Weitergeben | D34: Ich entwickle innovative pädagogischer Strategien und Praktiken für das selbstgesteuerte Lernen (z.B. Makerspaces und Lernräume mit digitalen Technologien). Diese gebe ich in regionalen und überregionalen Fortbildungen weiter. | E34: Ich entwickle neue Lernsettings für selbstgesteuertes Lernen und gebe sie weiter. | F34: =IF(LEN(TRIM(D34))=0,0,LEN(TRIM(D34))-LEN(SUBSTITUTE(TRIM(D34)," ",""))+1) | G34: =IF(LEN(TRIM(E34))=0,0,LEN(TRIM(E34))-LEN(SUBSTITUTE(TRIM(E34)," ",""))+1)

Sheet 4. Lerndiagnose und Feedback
A1: 4. Lerndiagnose und Feedback
A3: Item-ID | B3: Stufe | C3: Stufenbezeichnung | D3: Itemtext | E3: Kurzfassung (Entwurf SZ) | F3: Wörter heute | G3: Wörter Kurzfassung
A4: 4.1 Lernstandserhebung | E4: Beispiele: Quiz, Online-Umfrage, digitaler Test, Bewertungsraster, E-Portfolio, Peer-Feedback
A5: 4.1-I | B5: I | C5: Einsteigen | D5: Ich bin mir bewusst, dass es digitale Medien und Werkzeuge für die Lernstandserhebung gibt, nutze sie jedoch selten oder nie (z.B. digitale Quizze, Online-Umfragen). | E5: Ich weiss, dass es digitale Werkzeuge für Lernkontrollen gibt, verwende sie aber kaum. | F5: =IF(LEN(TRIM(D5))=0,0,LEN(TRIM(D5))-LEN(SUBSTITUTE(TRIM(D5)," ",""))+1) | G5: =IF(LEN(TRIM(E5))=0,0,LEN(TRIM(E5))-LEN(SUBSTITUTE(TRIM(E5)," ",""))+1)
A6: 4.1-II | B6: II | C6: Entdecken | D6: Ich setze digitale Medien für überwiegend traditionelle Formen der Lernstandserhebung ein (z.B. Textverarbeitungswerkzeuge, Tools zur Erzeugung von Online-Abfragen wie mobile Apps oder Spiele). | E6: Ich übertrage einzelne herkömmliche Lernkontrollen in digitale Form, etwa ein Quiz. | F6: =IF(LEN(TRIM(D6))=0,0,LEN(TRIM(D6))-LEN(SUBSTITUTE(TRIM(D6)," ",""))+1) | G6: =IF(LEN(TRIM(E6))=0,0,LEN(TRIM(E6))-LEN(SUBSTITUTE(TRIM(E6)," ",""))+1)
A7: 4.1-III | B7: III | C7: Anwenden | D7: Ich verwende verschiedene digitale Technologien zur Bewertung und passe diese bei Bedarf an (z. B. Erstellen eines digitalen Tests, Nutzung von Bewertungsplattformen, die den Schülern zeitnahes Feedback geben). | E7: Ich erfasse den Lernstand regelmässig mit verschiedenen digitalen Formen. | F7: =IF(LEN(TRIM(D7))=0,0,LEN(TRIM(D7))-LEN(SUBSTITUTE(TRIM(D7)," ",""))+1) | G7: =IF(LEN(TRIM(E7))=0,0,LEN(TRIM(E7))-LEN(SUBSTITUTE(TRIM(E7)," ",""))+1)
A8: 4.1-IV | B8: IV | C8: Integrieren | D8: Ich wähle digitale Technologien aus, um bestimmte Aspekte der Bewertung systematisch zu unterstützen und die Art des zu evaluierenden Lernergebnisses bestmöglich zu erfassen (z. B. Rubriken zur Selbstreflexion, Aufgaben, die den Lernenden zeitnahes Feedback bieten, gemeinsam genutzte Dokumente, die Peer-Reviews/Feedback unterstützen). | E8: Ich wähle die digitale Form danach aus, was genau ich erfassen will. | F8: =IF(LEN(TRIM(D8))=0,0,LEN(TRIM(D8))-LEN(SUBSTITUTE(TRIM(D8)," ",""))+1) | G8: =IF(LEN(TRIM(E8))=0,0,LEN(TRIM(E8))-LEN(SUBSTITUTE(TRIM(E8)," ",""))+1)
A9: 4.1-V | B9: V | C9: Entwickeln | D9: Ich wähle aus einer Vielzahl digitaler Bewertungstools und -formaten zur Lernstandserhebung kritisch aus, passe diese an und multipliziere sie im Kreis der Kolleginnen und Kollegen (z.B. e-Portfolios, Formate der Selbst- und Peerbewertung). | E9: Ich verbessere meine digitalen Bewertungsformen laufend und teile sie im Kollegium. | F9: =IF(LEN(TRIM(D9))=0,0,LEN(TRIM(D9))-LEN(SUBSTITUTE(TRIM(D9)," ",""))+1) | G9: =IF(LEN(TRIM(E9))=0,0,LEN(TRIM(E9))-LEN(SUBSTITUTE(TRIM(E9)," ",""))+1)
A10: 4.1-VI | B10: VI | C10: Weitergeben | D10: Ich entwickle neue digitale Bewertungsformate, die es auch ermöglichen, innovative pädagogische Ansätze und überfachliche Fertigkeiten bewerten zu können (z. B. Selbst- und Peer-Bewertung, digitale Test- und Diagnosesysteme, formative Assessments, e-Portfolios). Diese gebe ich in meinem Kollegium und in Fortbildungen weiter. | E10: Ich entwickle neue Bewertungsformen, auch für überfachliche Kompetenzen, und gebe sie weiter. | F10: =IF(LEN(TRIM(D10))=0,0,LEN(TRIM(D10))-LEN(SUBSTITUTE(TRIM(D10)," ",""))+1) | G10: =IF(LEN(TRIM(E10))=0,0,LEN(TRIM(E10))-LEN(SUBSTITUTE(TRIM(E10)," ",""))+1)
A12: 4.2 Analyse der Lernevidenz | E12: Beispiele: Quiz, Bearbeitungsstand auf der Lernplattform, Umfrage, Auswertung in Tabellen, Learning Analytics
A13: 4.2-I | B13: I | C13: Einsteigen | D13: Ich bin mir bewusst, dass die Effektivität von Lernprozessen auch mittels digitaler Medien analysiert werden kann, mache davon aber kaum oder gar keinen Gebrauch. | E13: Ich weiss, dass sich Lernprozesse digital auswerten lassen, mache davon aber kaum Gebrauch. | F13: =IF(LEN(TRIM(D13))=0,0,LEN(TRIM(D13))-LEN(SUBSTITUTE(TRIM(D13)," ",""))+1) | G13: =IF(LEN(TRIM(E13))=0,0,LEN(TRIM(E13))-LEN(SUBSTITUTE(TRIM(E13)," ",""))+1)
A14: 4.2-II | B14: II | C14: Entdecken | D14: Ich versuche, digitale Tools während des Unterrichts zu nutzen, um zeitnahes Feedback zur grundlegenden Beteiligung und Effektivität des Lernprozesses zu erhalten (z. B. digitale Quizze oder Abfragen, Online-Rückmeldung zum Bearbeitungsstand von Aufgaben). | E14: Ich probiere digitale Werkzeuge aus, um im Unterricht schnell den Lernstand zu sehen. | F14: =IF(LEN(TRIM(D14))=0,0,LEN(TRIM(D14))-LEN(SUBSTITUTE(TRIM(D14)," ",""))+1) | G14: =IF(LEN(TRIM(E14))=0,0,LEN(TRIM(E14))-LEN(SUBSTITUTE(TRIM(E14)," ",""))+1)
A15: 4.2-III | B15: III | C15: Anwenden | D15: Ich nutze regelmäßig digitale Tools und die Nutzungsdaten der Lernenden, um die Beteiligung und Effektivität der Lernprozesse zu beurteilen und zeitnah Feedback zum Lernverhalten geben zu können (z. B. Online-Umfragen, Formulare, Umfragen, Tabellenkalkulationen). | E15: Ich nutze regelmässig digitale Daten, um Beteiligung und Lernfortschritt einzuschätzen. | F15: =IF(LEN(TRIM(D15))=0,0,LEN(TRIM(D15))-LEN(SUBSTITUTE(TRIM(D15)," ",""))+1) | G15: =IF(LEN(TRIM(E15))=0,0,LEN(TRIM(E15))-LEN(SUBSTITUTE(TRIM(E15)," ",""))+1)
A16: 4.2-IV | B16: IV | C16: Integrieren | D16: Ich setze digitale Tools systematisch zur Datenerzeugung, -visualisierung und Analyse des Lernverhaltens der Lernenden ein, um zeitnah individuelles Feedback zur Lernentwicklung geben zu können (z. B. Tests, Beurteilungssysteme, Learning Analytics). | E16: Ich werte Lerndaten bewusst aus, um individuelle Rückmeldungen zu geben. | F16: =IF(LEN(TRIM(D16))=0,0,LEN(TRIM(D16))-LEN(SUBSTITUTE(TRIM(D16)," ",""))+1) | G16: =IF(LEN(TRIM(E16))=0,0,LEN(TRIM(E16))-LEN(SUBSTITUTE(TRIM(E16)," ",""))+1)
A17: 4.2-V | B17: V | C17: Entwickeln | D17: Ich analysiere und bewerte regelmäßig verschiedene Möglichkeiten der Nutzung digitaler Daten zur Optimierung des Lernprozesses und zur Anpassung eigener Lehrstrategien. Meine Kolleginnen und Kollegen unterstütze ich bei der Erhebung und Analyse digital erfasster Daten zum Lernprozess. | E17: Ich prüfe, welche Daten wirklich helfen, und unterstütze Kolleginnen und Kollegen dabei. | F17: =IF(LEN(TRIM(D17))=0,0,LEN(TRIM(D17))-LEN(SUBSTITUTE(TRIM(D17)," ",""))+1) | G17: =IF(LEN(TRIM(E17))=0,0,LEN(TRIM(E17))-LEN(SUBSTITUTE(TRIM(E17)," ",""))+1)
A18: 4.2-VI | B18: VI | C18: Weitergeben | D18: Ich initiiere und fördere in meiner Schule und ihrem Umfeld Strategien und Praktiken, die helfen, mittels Datengenerierung Lernprozesse zu beobachten. Mein diesbezügliches Wissen gebe ich in Kollegium und auf Fortbildungen weiter. | E18: Ich entwickle Vorgehensweisen zur Auswertung von Lerndaten und gebe sie weiter. | F18: =IF(LEN(TRIM(D18))=0,0,LEN(TRIM(D18))-LEN(SUBSTITUTE(TRIM(D18)," ",""))+1) | G18: =IF(LEN(TRIM(E18))=0,0,LEN(TRIM(E18))-LEN(SUBSTITUTE(TRIM(E18)," ",""))+1)
A20: 4.3 Feedback und Planung | E20: Beispiele: Online-Übungen mit automatischer Rückmeldung, digitale Kommentare, Peer-Feedback, Umfragen
A21: 4.3-I | B21: I | C21: Einsteigen | D21: Ich bin mir bewusst, dass digitale Technologien genutzt werden können, um Lernenden Feedback zu geben, mache davon aber noch keinen oder kaum Gebrauch (z. B. Online-Übungen, Online-Abfragen, automatisiertes Feedback). | E21: Ich weiss, dass ich digital Feedback geben kann, tue es aber kaum. | F21: =IF(LEN(TRIM(D21))=0,0,LEN(TRIM(D21))-LEN(SUBSTITUTE(TRIM(D21)," ",""))+1) | G21: =IF(LEN(TRIM(E21))=0,0,LEN(TRIM(E21))-LEN(SUBSTITUTE(TRIM(E21)," ",""))+1)
A22: 4.3-II | B22: II | C22: Entdecken | D22: Ich versuche digitale Tools zu nutzen, die individuelles Feedback unterstützen (z. B. Forum mit Peer-Feedback, Sternebewertung, digitale Anmerkungen zu Aufgaben). | E22: Ich probiere digitale Werkzeuge für individuelles Feedback aus, etwa Kommentare in Aufgaben. | F22: =IF(LEN(TRIM(D22))=0,0,LEN(TRIM(D22))-LEN(SUBSTITUTE(TRIM(D22)," ",""))+1) | G22: =IF(LEN(TRIM(E22))=0,0,LEN(TRIM(E22))-LEN(SUBSTITUTE(TRIM(E22)," ",""))+1)
A23: 4.3-III | B23: III | C23: Anwenden | D23: Ich nutze verschiedene digitale Technologien, um den Lernenden inhaltliches (auch automatisiertes) Feedback zu geben (z. B. Online-Tests mit automatischer Auswertung, Online-Umfragen mit visueller Darstellung der Ergebnisse). | E23: Ich gebe regelmässig digitales Feedback, teils auch automatisiert. | F23: =IF(LEN(TRIM(D23))=0,0,LEN(TRIM(D23))-LEN(SUBSTITUTE(TRIM(D23)," ",""))+1) | G23: =IF(LEN(TRIM(E23))=0,0,LEN(TRIM(E23))-LEN(SUBSTITUTE(TRIM(E23)," ",""))+1)
A24: 4.3-IV | B24: IV | C24: Integrieren | D24: Ich setze digitale Medien systematisch zur Verbesserung der Wirksamkeit von Feedback und individueller Lernunterstützung ein. | E24: Ich setze digitales Feedback bewusst ein, um einzelne Lernende gezielt zu unterstützen. | F24: =IF(LEN(TRIM(D24))=0,0,LEN(TRIM(D24))-LEN(SUBSTITUTE(TRIM(D24)," ",""))+1) | G24: =IF(LEN(TRIM(E24))=0,0,LEN(TRIM(E24))-LEN(SUBSTITUTE(TRIM(E24)," ",""))+1)
A25: 4.3-V | B25: V | C25: Entwickeln | D25: Ich analysiere und bewerte regelmäßig verschiedene Methoden zu digital gestütztem Feedback und optimiere dahingehend die Wahl digitaler Werkzeuge und eigener Lehrstrategien. Meine Kolleginnen und Kollegen unterstütze ich dabei. | E25: Ich prüfe, welche Feedbackformen wirken, und unterstütze Kolleginnen und Kollegen dabei. | F25: =IF(LEN(TRIM(D25))=0,0,LEN(TRIM(D25))-LEN(SUBSTITUTE(TRIM(D25)," ",""))+1) | G25: =IF(LEN(TRIM(E25))=0,0,LEN(TRIM(E25))-LEN(SUBSTITUTE(TRIM(E25)," ",""))+1)
A26: 4.3-VI | B26: VI | C26: Weitergeben | D26: Ich initiiere und fördere eine Strategie, die das Geben, Empfangen und Analysieren von Feedback erleichtert, um die Planung weiterer Maßnahmen zu unterstützen (z. B. e-Portfolios, kontextabhängiges Feedback, digitales Storytelling). Mein zugehöriges Wissen gebe ich in Kollegium und Fortbildung weiter. | E26: Ich entwickle Feedbackkonzepte, auch für die Unterrichtsplanung, und gebe sie weiter. | F26: =IF(LEN(TRIM(D26))=0,0,LEN(TRIM(D26))-LEN(SUBSTITUTE(TRIM(D26)," ",""))+1) | G26: =IF(LEN(TRIM(E26))=0,0,LEN(TRIM(E26))-LEN(SUBSTITUTE(TRIM(E26)," ",""))+1)

Sheet 5. Schülerorientierung
A1: 5. Schülerorientierung
A3: Item-ID | B3: Stufe | C3: Stufenbezeichnung | D3: Itemtext | E3: Kurzfassung (Entwurf SZ) | F3: Wörter heute | G3: Wörter Kurzfassung
A4: 5.1 Barrierefreiheit und digitale Teilhabe | E4: Beispiele: Zugang zu Geräten und Internet, Vorlesefunktion, einfache Sprache, barrierefreie Dokumente
A5: 5.1-I | B5: I | C5: Einsteigen | D5: Ich kenne die potenziellen Einschränkungen und Barrieren Lernender in Bezug auf digitale Technologien (z. B. begrenzter Zugang zu digitalen Geräten und/oder zum Internet, Lernschwierigkeiten), sehe aber noch keine oder nur geringe Ansätze zur besseren digitalen Teilhabe. | E5: Ich kenne digitale Hürden für Lernende, habe aber kaum Ansätze, sie abzubauen. | F5: =IF(LEN(TRIM(D5))=0,0,LEN(TRIM(D5))-LEN(SUBSTITUTE(TRIM(D5)," ",""))+1) | G5: =IF(LEN(TRIM(E5))=0,0,LEN(TRIM(E5))-LEN(SUBSTITUTE(TRIM(E5)," ",""))+1)
A6: 5.1-II | B6: II | C6: Entdecken | D6: Ich versuche digitale Technologien so einzusetzen, dass ein gleichberechtigter Bildungszugang möglich ist. Dabei berücksichtige ich elementar den Kontext und die Bedürfnisse der Lernenden (z. B. Bereitstellung von Geräten, Zugang zur Infrastruktur, familiärer Kontext, besondere Lernbedürfnisse). | E6: Ich achte beim Einsatz digitaler Mittel auf Zugang und besondere Bedürfnisse der Lernenden. | F6: =IF(LEN(TRIM(D6))=0,0,LEN(TRIM(D6))-LEN(SUBSTITUTE(TRIM(D6)," ",""))+1) | G6: =IF(LEN(TRIM(E6))=0,0,LEN(TRIM(E6))-LEN(SUBSTITUTE(TRIM(E6)," ",""))+1)
A7: 5.1-III | B7: III | C7: Anwenden | D7: Ich nutze verschiedene digitale Technologien für eine gleichberechtigte und integrative Bildung und stelle sicher, dass alle Lernenden Zugang zu den von mir bereitgestellten digitalen Lernangeboten haben (z. B. Zugang zur Infrastruktur, adaptive und unterstützende Technologien wie Bildschirmlesegeräte, alternative Tastaturen, barrierefreie Tools, Verwendung von leichter Sprache). | E7: Ich sorge regelmässig dafür, dass alle Lernenden meine digitalen Angebote nutzen können. | F7: =IF(LEN(TRIM(D7))=0,0,LEN(TRIM(D7))-LEN(SUBSTITUTE(TRIM(D7)," ",""))+1) | G7: =IF(LEN(TRIM(E7))=0,0,LEN(TRIM(E7))-LEN(SUBSTITUTE(TRIM(E7)," ",""))+1)
A8: 5.1-IV | B8: IV | C8: Integrieren | D8: Ich wähle digitale Technologien zielgerichtet aus und setze diese ein, um integrative Lernaktivitäten zu entwickeln. Ich erarbeite Konzepte und gestalte Ressourcen entsprechend den Bedürfnissen der Lernenden (z. B. Integration verschiedener Tools, Verwendung von speziellem Layout, Struktur und Sprache). | E8: Ich gestalte digitale Lernangebote bewusst barrierefrei, passend zu den Bedürfnissen der Lernenden. | F8: =IF(LEN(TRIM(D8))=0,0,LEN(TRIM(D8))-LEN(SUBSTITUTE(TRIM(D8)," ",""))+1) | G8: =IF(LEN(TRIM(E8))=0,0,LEN(TRIM(E8))-LEN(SUBSTITUTE(TRIM(E8)," ",""))+1)
A9: 5.1-V | B9: V | C9: Entwickeln | D9: Ich reflektiere das digitale Lehren und Lernen unter dem Blickwinkel barrierefreier und integrativer Ansätze und tausche mich mit Kolleginnen und Kollegen darüber aus, um den Bedürfnissen und Fähigkeiten aller Lernenden gerecht zu werden (z. B. multimodale Präsentation von Informationen, Anpassung von Merkmalen zur Förderung der Barrierefreiheit wie Schriftgröße und Layout, Entwicklung der digitalen Fähigkeiten der Schüler). | E9: Ich prüfe meinen Unterricht auf Barrieren und tausche mich darüber im Kollegium aus. | F9: =IF(LEN(TRIM(D9))=0,0,LEN(TRIM(D9))-LEN(SUBSTITUTE(TRIM(D9)," ",""))+1) | G9: =IF(LEN(TRIM(E9))=0,0,LEN(TRIM(E9))-LEN(SUBSTITUTE(TRIM(E9)," ",""))+1)
A10: 5.1-VI | B10: VI | C10: Weitergeben | D10: Ich entwickle und multipliziere Konzepte und fördere Strategien für den gleichberechtigten Zugang zu Bildung durch den Einsatz digitaler Technologien (z. B. Medienbildung für Lernende und deren Eltern, Konzepte für Barrierefreiheit). | E10: Ich entwickle Konzepte für digitale Teilhabe, auch für Eltern, und gebe sie weiter. | F10: =IF(LEN(TRIM(D10))=0,0,LEN(TRIM(D10))-LEN(SUBSTITUTE(TRIM(D10)," ",""))+1) | G10: =IF(LEN(TRIM(E10))=0,0,LEN(TRIM(E10))-LEN(SUBSTITUTE(TRIM(E10)," ",""))+1)
A12: 5.2 Differenzierung | E12: Beispiele: Aufgaben auf verschiedenen Niveaus, adaptive Übungsprogramme, Lernpfade, individuelle Lernpläne
A13: 5.2-I | B13: I | C13: Einsteigen | D13: Ich kenne digitale Technologien zur Differenzierung und Individualisierung des Lernens (z. B. Anpassung des Unterrichts an die Bedürfnisse verschiedener Gruppen von Lernenden, individuelle Unterstützung von Lernenden), nutze diese aber nur sehr selten. | E13: Ich kenne digitale Möglichkeiten zur Differenzierung, nutze sie aber sehr selten. | F13: =IF(LEN(TRIM(D13))=0,0,LEN(TRIM(D13))-LEN(SUBSTITUTE(TRIM(D13)," ",""))+1) | G13: =IF(LEN(TRIM(E13))=0,0,LEN(TRIM(E13))-LEN(SUBSTITUTE(TRIM(E13)," ",""))+1)
A14: 5.2-II | B14: II | C14: Entdecken | D14: Ich versuche digitale Technologien für die Differenzierung und Individualisierung meines Unterricht zu integrieren (z. B. Quizze und Lernspiele, Online-Lernumgebungen). | E14: Ich probiere digitale Übungen oder Lernspiele zur Differenzierung aus. | F14: =IF(LEN(TRIM(D14))=0,0,LEN(TRIM(D14))-LEN(SUBSTITUTE(TRIM(D14)," ",""))+1) | G14: =IF(LEN(TRIM(E14))=0,0,LEN(TRIM(E14))-LEN(SUBSTITUTE(TRIM(E14)," ",""))+1)
A15: 5.2-III | B15: III | C15: Anwenden | D15: Ich nutze verschiedene digitale Technologien beim Lehren und Lernen, um auf individuelle Lernbedürfnisse einzugehen (z. B. Quizze mit mit verschiedenen Schwierigkeitsgraden, differenzierte Online-Übungsaktivitäten, differenzierte Lernangebote in mebis, automatisiertes individuelles Feedback). | E15: Ich nutze regelmässig digitale Angebote auf verschiedenen Niveaus. | F15: =IF(LEN(TRIM(D15))=0,0,LEN(TRIM(D15))-LEN(SUBSTITUTE(TRIM(D15)," ",""))+1) | G15: =IF(LEN(TRIM(E15))=0,0,LEN(TRIM(E15))-LEN(SUBSTITUTE(TRIM(E15)," ",""))+1)
A16: 5.2-IV | B16: IV | C16: Integrieren | D16: Ich verwende gezielt digitale Technologien, um individualisierte Lernumgebungen für die spezifischen Bedürfnisse der Lernenden zu entwickeln (z. B. Beachtung des Niveaus, der Lerngeschwindigkeit und der Präferenzen Lernender durch selbst entwickelte und auf die jeweiligen Lernziele abgestimmte Quizze oder Lernspiele, Erstellung von differenziertem Material für Online-Lernumgebungen, wie z.B. mebis). | E16: Ich gestalte individualisierte Lernumgebungen für die Bedürfnisse meiner Lernenden. | F16: =IF(LEN(TRIM(D16))=0,0,LEN(TRIM(D16))-LEN(SUBSTITUTE(TRIM(D16)," ",""))+1) | G16: =IF(LEN(TRIM(E16))=0,0,LEN(TRIM(E16))-LEN(SUBSTITUTE(TRIM(E16)," ",""))+1)
A17: 5.2-V | B17: V | C17: Entwickeln | D17: Ich gestalte meinen Unterricht so, dass die Lernenden in die Realisierung ihrer eigenen Lernwege einbezogen werden und ihren individuellen Lernbedürfnissen mithilfe von passenden digitalen Ressourcen folgen (z. B. personalisierte Lernpläne, Online-Tools, um Lernziele festzusetzen und den eigenen Fortschritt zu kontrollieren). Ich reflektiere außerdem kritisch wie effektiv die eingesetzten Lehrstrategien die Differenzierung und Individualisierung fördern und passe meine Methoden entsprechend an. | E17: Lernende gestalten ihre Lernwege mit; ich prüfe die Wirkung und passe meine Methoden an. | F17: =IF(LEN(TRIM(D17))=0,0,LEN(TRIM(D17))-LEN(SUBSTITUTE(TRIM(D17)," ",""))+1) | G17: =IF(LEN(TRIM(E17))=0,0,LEN(TRIM(E17))-LEN(SUBSTITUTE(TRIM(E17)," ",""))+1)
A18: 5.2-VI | B18: VI | C18: Weitergeben | D18: Ich entwickle und multipliziere Konzepte für digital gestützte Differenzierung und Individualisierung (z. B. Austausch bewährter inklusiver Lernmethoden, Online-Plattform mit Ressourcen). | E18: Ich entwickle Konzepte für digitale Differenzierung und gebe sie weiter. | F18: =IF(LEN(TRIM(D18))=0,0,LEN(TRIM(D18))-LEN(SUBSTITUTE(TRIM(D18)," ",""))+1) | G18: =IF(LEN(TRIM(E18))=0,0,LEN(TRIM(E18))-LEN(SUBSTITUTE(TRIM(E18)," ",""))+1)
A20: 5.3 Schüleraktivierung | E20: Beispiele: Lernspiele, interaktive Übungen, Erklärvideos der Lernenden, Simulationen, Robotik
A21: 5.3-I | B21: I | C21: Einsteigen | D21: Ich nutze nur selten digitale Technologien, für motivierende und schüleraktivierende Lernformen. (z. B. Lernspiele, interaktive Aktivitäten). | E21: Ich setze digitale Mittel für aktivierende Lernformen nur selten ein. | F21: =IF(LEN(TRIM(D21))=0,0,LEN(TRIM(D21))-LEN(SUBSTITUTE(TRIM(D21)," ",""))+1) | G21: =IF(LEN(TRIM(E21))=0,0,LEN(TRIM(E21))-LEN(SUBSTITUTE(TRIM(E21)," ",""))+1)
A22: 5.3-II | B22: II | C22: Entdecken | D22: Ich suche nach Wegen, um mithilfe digitaler Technologien Lerninhalte motivierend und schülergerecht zu vermitteln (z. B. Lernspiele, interaktive Aktivitäten, Simulationen, OER-Ressourcen). | E22: Ich probiere digitale Mittel aus, um Inhalte motivierend zu vermitteln. | F22: =IF(LEN(TRIM(D22))=0,0,LEN(TRIM(D22))-LEN(SUBSTITUTE(TRIM(D22)," ",""))+1) | G22: =IF(LEN(TRIM(E22))=0,0,LEN(TRIM(E22))-LEN(SUBSTITUTE(TRIM(E22)," ",""))+1)
A23: 5.3-III | B23: III | C23: Anwenden | D23: Ich nutze sach- und situationsgerecht digitale Technologien zur Förderung des aktiven Engagements der Lernenden (z.B. Lernspiele, Edu-Breakout, Erstellung von Erklärvideos durch die Lernenden, Peer-Reviews, AR-Technologie u.a.). | E23: Ich aktiviere Lernende regelmässig digital, etwa mit selbst erstellten Erklärvideos. | F23: =IF(LEN(TRIM(D23))=0,0,LEN(TRIM(D23))-LEN(SUBSTITUTE(TRIM(D23)," ",""))+1) | G23: =IF(LEN(TRIM(E23))=0,0,LEN(TRIM(E23))-LEN(SUBSTITUTE(TRIM(E23)," ",""))+1)
A24: 5.3-IV | B24: IV | C24: Integrieren | D24: Ich gestalte meinen Unterricht zielgerichtet mit einer Vielzahl digitaler Technologien, um das aktive Engagement der Lernenden beim individuellen und gemeinschaftlichen Lernen und deren Eigenaktivität zu fördern (z. B. verschiedene sensorische Kanäle, Variation der Aktivitätstypen, kollaboratives Schreiben, Spiele und Simulationen, AR/VR ). | E24: Ich variiere digitale Aktivitäten bewusst, damit Lernende selbst aktiv werden. | F24: =IF(LEN(TRIM(D24))=0,0,LEN(TRIM(D24))-LEN(SUBSTITUTE(TRIM(D24)," ",""))+1) | G24: =IF(LEN(TRIM(E24))=0,0,LEN(TRIM(E24))-LEN(SUBSTITUTE(TRIM(E24)," ",""))+1)
A25: 5.3-V | B25: V | C25: Entwickeln | D25: Ich gestalte und entwickle didaktische Konzepte, um die aktive Beschäftigung der Lernenden mit dem Lerngegenstand optimal zu fördern und evaluiere, inwiefern sich verschiedene Methoden dazu eignen, die Eigenaktivität der Lernenden zu erhöhen. (z. B. strukturiertes teambasiertes Lernen, Online-Diskussionen, Peer-Coaching und -Unterricht, e-Portfolios). | E25: Ich entwickle aktivierende Unterrichtskonzepte weiter und prüfe, welche Methoden wirken. | F25: =IF(LEN(TRIM(D25))=0,0,LEN(TRIM(D25))-LEN(SUBSTITUTE(TRIM(D25)," ",""))+1) | G25: =IF(LEN(TRIM(E25))=0,0,LEN(TRIM(E25))-LEN(SUBSTITUTE(TRIM(E25)," ",""))+1)
A26: 5.3-VI | B26: VI | C26: Weitergeben | D26: Ich initiiere, fördere und multipliziere innovative Konzepte zur Förderung des digital gestützten eigenaktiven Lernens (z. B. Makerspace, Robotik, Programmierung, KI-Anwendungen, eigene Erstellung von komplexen Lernspielen). | E26: Ich gestalte neue Lernformen, etwa mit Robotik oder KI, und gebe sie weiter. | F26: =IF(LEN(TRIM(D26))=0,0,LEN(TRIM(D26))-LEN(SUBSTITUTE(TRIM(D26)," ",""))+1) | G26: =IF(LEN(TRIM(E26))=0,0,LEN(TRIM(E26))-LEN(SUBSTITUTE(TRIM(E26)," ",""))+1)

Sheet 6. Medienkompetenz d. Lernenden
A1: 6. Medienkompetenz der Lernenden
A3: Item-ID | B3: Stufe | C3: Stufenbezeichnung | D3: Itemtext | E3: Kurzfassung (Entwurf SZ) | F3: Wörter heute | G3: Wörter Kurzfassung
A4: 6.1 Basiskompetenzen | E4: Worum es geht: Lernende nutzen digitale Werkzeuge sicher und lösen einfache Probleme selbst. Beispiele: Suchmaschine, Hilfefunktion, Gerät neu starten, Daten sichern
A5: 6.1-I | B5: I | C5: Einsteigen | D5: Ich bin mir bewusst, dass die Lernenden digitale Medien und Werkzeuge sachorientiert nutzen können, um Aufgaben zu verstehen und dabei auftretende Probleme zu lösen, nutze diese Möglichkeit in meinem Unterricht nicht oder nur selten (z. B. Nutzung einer Suchmaschine, von Hilfefunktionen). | E5: Ich weiss, dass Lernende digitale Werkzeuge selbstständig nutzen können, fördere dies aber kaum. | F5: =IF(LEN(TRIM(D5))=0,0,LEN(TRIM(D5))-LEN(SUBSTITUTE(TRIM(D5)," ",""))+1) | G5: =IF(LEN(TRIM(E5))=0,0,LEN(TRIM(E5))-LEN(SUBSTITUTE(TRIM(E5)," ",""))+1)
A6: 6.1-II | B6: II | C6: Entdecken | D6: Ich habe Lernaktivitäten ausprobiert, die die Lernenden ermutigen, digitale Medien und Werkzeuge sachgerecht zu nutzen, Aufgaben zu verstehen und dabei auftretende Probleme zu lösen (z. B. einfache technische Lösungsstrategien wie Computer neu starten, Internetverbindung prüfen, Datensicherungen durchführen). | E6: Ich probiere Aufgaben aus, bei denen Lernende einfache technische Probleme selbst lösen. | F6: =IF(LEN(TRIM(D6))=0,0,LEN(TRIM(D6))-LEN(SUBSTITUTE(TRIM(D6)," ",""))+1) | G6: =IF(LEN(TRIM(E6))=0,0,LEN(TRIM(E6))-LEN(SUBSTITUTE(TRIM(E6)," ",""))+1)
A7: 6.1-III | B7: III | C7: Anwenden | D7: Ich nutze sach- und situationsgerecht Lernaktivitäten, bei denen die Lernenden digitale Medien und Werkzeuge überlegt und systematisch für komplexere Aufgabenfelder nutzen (z. B. Informationen mit digitalen Werkzeugen finden und ordnen, analysieren, Schlussfolgerung ziehen und Ergebnisse fixieren; Erstellung und Konzeption einer Präsentation zu einem umfangreicheren Themenbereich). | E7: Meine Lernenden nutzen digitale Werkzeuge regelmässig auch für umfangreichere Aufgaben. | F7: =IF(LEN(TRIM(D7))=0,0,LEN(TRIM(D7))-LEN(SUBSTITUTE(TRIM(D7)," ",""))+1) | G7: =IF(LEN(TRIM(E7))=0,0,LEN(TRIM(E7))-LEN(SUBSTITUTE(TRIM(E7)," ",""))+1)
A8: 6.1-IV | B8: IV | C8: Integrieren | D8: Ich wähle und verwende Lernkonzepte, in denen z.B. im Rahmen von Projektarbeiten Lernende aus einem breiten Medienangebot gezielt das Passende auswählen und dabei nach verschiedenen innovativen und kreativen Lösungen suchen, die in neuen Situationen und Kontexten angewandt werden können (z.B. Projektarbeit im Geografieunterricht unter Verwendung von geografischen Informationssystemen (GIS); Nutzung von virtuellen Umgebungen im Geschichts- oder Biologieunterricht, Modellierungen). | E8: Ich plane Projekte, in denen Lernende selbst passende Werkzeuge wählen und kreativ einsetzen. | F8: =IF(LEN(TRIM(D8))=0,0,LEN(TRIM(D8))-LEN(SUBSTITUTE(TRIM(D8)," ",""))+1) | G8: =IF(LEN(TRIM(E8))=0,0,LEN(TRIM(E8))-LEN(SUBSTITUTE(TRIM(E8)," ",""))+1)
A9: 6.1-V | B9: V | C9: Entwickeln | D9: Ich reflektiere kritisch inwiefern sich Strategien und Methoden zur Nutzung von Medienangeboten bei schulischen Lernaktivitäten und Aufgaben didaktisch und pädagogisch eignen, berücksichtige dabei insbesondere auch die Möglichkeiten und Grenzen der digitalen Werkzeuge vor Ort, und gebe mein Wissen im Kollegenkreis weiter (z.B. Mitarbeit im Medienkonzeptteam, Referententätigkeit im SCHILF-Bereich, Multiplikation von Strategien zur Nutzung schulischer IT-Systeme wie mebis). | E9: Ich prüfe, welche Methoden sich bewähren, und gebe mein Wissen im Kollegium weiter. | F9: =IF(LEN(TRIM(D9))=0,0,LEN(TRIM(D9))-LEN(SUBSTITUTE(TRIM(D9)," ",""))+1) | G9: =IF(LEN(TRIM(E9))=0,0,LEN(TRIM(E9))-LEN(SUBSTITUTE(TRIM(E9)," ",""))+1)
A10: 6.1-VI | B10: VI | C10: Weitergeben | D10: Ich trage zur Entwicklung und Multiplikation innovativer und kreativer Lernszenarien für die Nutzung von Medienangeboten bei schulischen Lernaktivitäten und Aufgaben bei. Dabei analysiere und modelliere ich den Einsatz von digitalen Werkzeugen und bereite sie didaktisch auf (z.B. Entwicklung von Lernsoftware oder Schulbüchern mit digitalen Zusatzangeboten, Entwicklung von Unterrichtskonzepten mit digitalen Medien, Verfassen von Handreichungen für den Unterricht, umfassende regionale bzw. zentrale Referententätigkeit). | E10: Ich entwickle neue Lernszenarien oder Materialien und gebe sie über die Schule hinaus weiter. | F10: =IF(LEN(TRIM(D10))=0,0,LEN(TRIM(D10))-LEN(SUBSTITUTE(TRIM(D10)," ",""))+1) | G10: =IF(LEN(TRIM(E10))=0,0,LEN(TRIM(E10))-LEN(SUBSTITUTE(TRIM(E10)," ",""))+1)
A12: 6.2 Suchen und Verarbeiten | E12: Beispiele: Suchmaschinen und Suchfilter, Quellen vergleichen und zitieren, Diagramme lesen, Falschinformationen erkennen
A13: 6.2-I | B13: I | C13: Einsteigen | D13: Ich kenne Lernaktivitäten mit digitalen Medien, die die Such- und Verarbeitungsstrategien der Lernenden verbessern können, nutze sie jedoch im Unterricht nicht oder nur selten (z.B. Suche nach digitalen Informationen mit einer Suchmaschine, Bewertung der gefundenen Informationen, Lesen von Diagrammen, Lesen und Verstehen von Daten, Erstellung einfacher digitaler Inhalte wie Texte, Tabellen oder Bilder). | E13: Ich kenne Aufgaben zur digitalen Informationssuche, setze sie aber selten ein. | F13: =IF(LEN(TRIM(D13))=0,0,LEN(TRIM(D13))-LEN(SUBSTITUTE(TRIM(D13)," ",""))+1) | G13: =IF(LEN(TRIM(E13))=0,0,LEN(TRIM(E13))-LEN(SUBSTITUTE(TRIM(E13)," ",""))+1)
A14: 6.2-II | B14: II | C14: Entdecken | D14: Ich habe Lernaktivitäten ausprobiert, die die Lernenden dazu anregen, digitale Medien zur Informationsgewinnung und -verarbeitung einzusetzen. Dabei bringe ich Lernenden bei, Quellen korrekt anzugeben und zu zitieren (z.B. bei Online-Recherchen, Festlegung von Suchkriterien, Vergleich verschiedener Quellen, Interpretation von Daten, Erstellung digitaler Inhalte). | E14: Ich probiere Rechercheaufgaben aus und lehre Lernende, Quellen korrekt anzugeben. | F14: =IF(LEN(TRIM(D14))=0,0,LEN(TRIM(D14))-LEN(SUBSTITUTE(TRIM(D14)," ",""))+1) | G14: =IF(LEN(TRIM(E14))=0,0,LEN(TRIM(E14))-LEN(SUBSTITUTE(TRIM(E14)," ",""))+1)
A15: 6.2-III | B15: III | C15: Anwenden | D15: Ich nutze sach- und situationsgerecht Lernaktivitäten und Aufgaben, die von den Lernenden verlangen, Informationen und Daten aus verschiedenen Quellen zu suchen, zu vergleichen, kritisch auf ihre Verlässlichkeit zu bewerten und sie in komplexeren digitalen Inhalten zu kombinieren. (z. B. Nutzung von unterschiedlichen und altersgerechten Suchmaschinen; Verwendung von Suchfiltern; Festlegung von Auswahlkriterien, Erkennen von Ungenauigkeiten, fehlenden Informationen oder Voreingenommenheit, Gegenprüfung verschiedener Quellen zur Beurteilung der Glaubwürdigkeit, Umgang mit Fehlinformationen, Rassismus und Fremdenfeindlichkeit). | E15: Lernende suchen und vergleichen regelmässig Informationen und prüfen ihre Verlässlichkeit. | F15: =IF(LEN(TRIM(D15))=0,0,LEN(TRIM(D15))-LEN(SUBSTITUTE(TRIM(D15)," ",""))+1) | G15: =IF(LEN(TRIM(E15))=0,0,LEN(TRIM(E15))-LEN(SUBSTITUTE(TRIM(E15)," ",""))+1)
A16: 6.2-IV | B16: IV | C16: Integrieren | D16: Ich gestalte den Unterricht sach- und situationsgerecht mit einer Vielzahl an verschiedenen Lernaktivitäten und Aufgaben so, dass die Lernenden Informationen und Daten kritisch suchen, bewerten, kombinieren und aufbereiten können. (z. B. systematische Nutzung unterschiedlicher Suchmaschinen und Kombination von Suchfiltern; Analyse der Wahl des Informationsmediums, der Quelle, des Zwecks, der Transparenz der Algorithmen, die verwendet werden, um zu entscheiden, welche Art von Informationen und Daten angezeigt werden). | E16: Ich gestalte Aufgaben bewusst so, dass Lernende Informationen bewerten und aufbereiten. | F16: =IF(LEN(TRIM(D16))=0,0,LEN(TRIM(D16))-LEN(SUBSTITUTE(TRIM(D16)," ",""))+1) | G16: =IF(LEN(TRIM(E16))=0,0,LEN(TRIM(E16))-LEN(SUBSTITUTE(TRIM(E16)," ",""))+1)
A17: 6.2-V | B17: V | C17: Entwickeln | D17: Ich reflektiere kritisch, inwiefern sich verschiedene Methoden dazu eignen, Such- und Verarbeitungsstrategien beim Einsatz digitaler Medien und Werkzeuge zu fördern, entwickle Unterrichtskonzepte entsprechend weiter und multipliziere mein Wissen im Kollegenkreis (z. B. Entwicklung von Unterrichtskonzepten für Such- und Verarbeitungsstrategien mit digitalen Medien, Verfassen von Handreichungen für den Unterricht, Referententätigkeit auf SCHILF-Ebene). | E17: Ich entwickle Unterrichtskonzepte zur Recherche weiter und teile sie im Kollegium. | F17: =IF(LEN(TRIM(D17))=0,0,LEN(TRIM(D17))-LEN(SUBSTITUTE(TRIM(D17)," ",""))+1) | G17: =IF(LEN(TRIM(E17))=0,0,LEN(TRIM(E17))-LEN(SUBSTITUTE(TRIM(E17)," ",""))+1)
A18: 6.2-VI | B18: VI | C18: Weitergeben | D18: Ich trage zur Entwicklung und Multiplikation von innovativen Lernszenarien bei. Diese fördern Kompetenzen zur Informationsgewinnung und -verarbeitung - auch unter Berücksichtigung neuer medialer Entwicklungen (z.B. Entwicklung bestimmter Kriterien zur kritischen Bewertung von Suchergebnissen kommerzieller Suchmaschinen; Nutzung von (neuen) Spezial-Suchmaschinen). | E18: Ich entwickle neue Lernszenarien zur Informationskompetenz und gebe sie weiter. | F18: =IF(LEN(TRIM(D18))=0,0,LEN(TRIM(D18))-LEN(SUBSTITUTE(TRIM(D18)," ",""))+1) | G18: =IF(LEN(TRIM(E18))=0,0,LEN(TRIM(E18))-LEN(SUBSTITUTE(TRIM(E18)," ",""))+1)
A20: 6.3 Kommunizieren und Kooperieren | E20: Beispiele: Klassenchat, Online-Meeting, gemeinsame Dokumente, Netiquette, Peer-Feedback, Online-Diskussion
A21: 6.3-I | B21: I | C21: Einsteigen | D21: Ich kenne Lernaktivitäten, die die digital gestützte Kommunikation und Zusammenarbeit der Lernenden fördern könnten, nutze sie jedoch nicht oder nur selten (z. B. Nutzung von E-Mails, Instant Messaging, sozialen Netzwerken usw. zur Kommunikation mit Lehrkräften und Mitschülerinnen und Mitschülern). | E21: Ich kenne Aufgaben zur digitalen Kommunikation der Lernenden, setze sie aber selten ein. | F21: =IF(LEN(TRIM(D21))=0,0,LEN(TRIM(D21))-LEN(SUBSTITUTE(TRIM(D21)," ",""))+1) | G21: =IF(LEN(TRIM(E21))=0,0,LEN(TRIM(E21))-LEN(SUBSTITUTE(TRIM(E21)," ",""))+1)
A22: 6.3-II | B22: II | C22: Entdecken | D22: Ich habe Lernaktivitäten ausprobiert, die Lernende dazu ermutigen, mithilfe digitaler Medien und Werkzeuge mit anderen Lernenden, ihren Lehrkräften und mit Dritten zu kommunizieren und zu kooperieren (z. B. durch Online-Meetings, Diskussionsforen, Klassen-Chat). | E22: Ich probiere Aufgaben aus, bei denen Lernende digital kommunizieren und zusammenarbeiten. | F22: =IF(LEN(TRIM(D22))=0,0,LEN(TRIM(D22))-LEN(SUBSTITUTE(TRIM(D22)," ",""))+1) | G22: =IF(LEN(TRIM(E22))=0,0,LEN(TRIM(E22))-LEN(SUBSTITUTE(TRIM(E22)," ",""))+1)
A23: 6.3-III | B23: III | C23: Anwenden | D23: Ich setze sach- und situationsgerecht Lernaktivitäten ein, bei denen Lernende digitale Medien und Werkzeuge effektiv und verantwortungsbewusst für die Kommunikation nutzen. Ich entwickle mit den Lernenden Kommunikations- und Verhaltensregeln für den digitalen Raum. Ich unterstütze sie dabei, Kommunikationsstrategien und -kanäle angemessen auszuwählen und sich der kulturellen und sozialen Vielfalt in digitalen Umgebungen bewusst zu sein (z. B. Verwendung eines geeigneten Mediums für die digitale Kommunikation der Lernenden, Etablierung einer „Netiquette“). | E23: Lernende kommunizieren regelmässig digital; wir erarbeiten gemeinsam Regeln dafür. | F23: =IF(LEN(TRIM(D23))=0,0,LEN(TRIM(D23))-LEN(SUBSTITUTE(TRIM(D23)," ",""))+1) | G23: =IF(LEN(TRIM(E23))=0,0,LEN(TRIM(E23))-LEN(SUBSTITUTE(TRIM(E23)," ",""))+1)
A24: 6.3-IV | B24: IV | C24: Integrieren | D24: Ich gestalte eine Vielzahl an verschiedenen Lernaktivitäten und Aufgaben, bei denen die Lernenden digitale Medien und Werkzeuge für die Kommunikation und Kooperation nutzen. Dabei unterstütze und motiviere ich sie, digitale Medien und Werkzeuge zum Peer-Feedback sowie zur Teilnahme an öffentlichen Diskursen zu nutzen und diese aktiv und bewusst für die gesellschaftliche Teilhabe zu verwenden. Ich prüfe und reflektiere vereinbarte Kommunikations- und Verhaltensregeln gemeinsam mit den Lernenden (z. B. Verwendung von digitalen Kollaborations-Tools, Nutzung einer gemeinsamen Lernumgebung, Bearbeitung gemeinsamer Online-Dokumente, Respektieren der Ideen und der Vielfalt anderer, während man zur Teamarbeit beiträgt, Austausch von Nachrichten über multikulturelle Netzwerke, Schaffung positiver Verbindungen und Aufbau von Kontakten, Teilnahme an der öffentlichen Diskussion in Foren). | E24: Ich plane Aufgaben bewusst so, dass Lernende digital mitdiskutieren und Feedback geben. | F24: =IF(LEN(TRIM(D24))=0,0,LEN(TRIM(D24))-LEN(SUBSTITUTE(TRIM(D24)," ",""))+1) | G24: =IF(LEN(TRIM(E24))=0,0,LEN(TRIM(E24))-LEN(SUBSTITUTE(TRIM(E24)," ",""))+1)
A25: 6.3-V | B25: V | C25: Entwickeln | D25: Ich reflektiere kritisch, inwiefern sich verschiedene Methoden dazu eignen, Kompetenzen der Lernenden zur effektiven und verantwortungsbewussten digital gestützten Kommunikation und Zusammenarbeit sowie zur Partizipation in einer digitalisierten Welt zu fördern, entwickle Unterrichtskonzepte entsprechend weiter und multipliziere mein Wissen im Kollegenkreis (z. B. Nutzung erweiterter Funktionen von Kollaborations-Tools, Diskussion mit den Lernenden über die Bedürfnisse der Kommunikation und Kooperation, Referententätigkeit auf SCHILF-Ebene). | E25: Ich entwickle meine Konzepte zur digitalen Kommunikation weiter und teile sie im Kollegium. | F25: =IF(LEN(TRIM(D25))=0,0,LEN(TRIM(D25))-LEN(SUBSTITUTE(TRIM(D25)," ",""))+1) | G25: =IF(LEN(TRIM(E25))=0,0,LEN(TRIM(E25))-LEN(SUBSTITUTE(TRIM(E25)," ",""))+1)
A26: 6.3-VI | B26: VI | C26: Weitergeben | D26: Ich entwickle innovative Lernszenarien zur Förderung von Kompetenzen zur Kommunikation und Zusammenarbeit der Lernenden sowie zur Partizipation in einer digitalisierten Welt – auch unter Einbezug neuer kommunikationstechnischer Entwicklungen (z. B. Entwicklung neuer digitaler Kollaborationsformen im unterrichtlichen Kontext). | E26: Ich gestalte neue Formen digitaler Zusammenarbeit im Unterricht und gebe sie weiter. | F26: =IF(LEN(TRIM(D26))=0,0,LEN(TRIM(D26))-LEN(SUBSTITUTE(TRIM(D26)," ",""))+1) | G26: =IF(LEN(TRIM(E26))=0,0,LEN(TRIM(E26))-LEN(SUBSTITUTE(TRIM(E26)," ",""))+1)
A28: 6.4 Produzieren und Präsentieren | E28: Beispiele: Texte, Fotos, Präsentationen, Audio und Video, digitale Geschichten, Blog, E-Portfolio
A29: 6.4-I | B29: I | C29: Einsteigen | D29: Ich kenne Lernaktivitäten, die Lernende dazu ermutigen, sich mit digitalen Mitteln auszudrücken (z. B. in Form von Texten, Fotos, Bildern, Präsentationen), setze diese jedoch kaum ein. | E29: Ich kenne Aufgaben, bei denen Lernende digitale Inhalte gestalten, setze sie aber kaum ein. | F29: =IF(LEN(TRIM(D29))=0,0,LEN(TRIM(D29))-LEN(SUBSTITUTE(TRIM(D29)," ",""))+1) | G29: =IF(LEN(TRIM(E29))=0,0,LEN(TRIM(E29))-LEN(SUBSTITUTE(TRIM(E29)," ",""))+1)
A30: 6.4-II | B30: II | C30: Entdecken | D30: Ich habe Lernaktivitäten ausprobiert, die die Lernenden dazu ermutigen, digitale Inhalte zu erstellen und zu bearbeiten (z. B. Texte, Präsentationen, Audio- und Video-Inhalte). | E30: Ich probiere Aufgaben aus, bei denen Lernende Texte, Präsentationen oder Videos erstellen. | F30: =IF(LEN(TRIM(D30))=0,0,LEN(TRIM(D30))-LEN(SUBSTITUTE(TRIM(D30)," ",""))+1) | G30: =IF(LEN(TRIM(E30))=0,0,LEN(TRIM(E30))-LEN(SUBSTITUTE(TRIM(E30)," ",""))+1)
A31: 6.4-III | B31: III | C31: Anwenden | D31: Ich setze verschiedene Lernaktivitäten sach- und situationsgerecht um, die von meinen Lernenden verlangen, ihre Ideen kreativ zum Ausdruck zu bringen und zu vermitteln, indem sie geeignete digitale Tools verwenden (z. B. Visualisierungen, Simulationen, digitale Stories, Werkzeuge zum Videoschnitt). | E31: Lernende drücken ihre Ideen regelmässig kreativ mit digitalen Werkzeugen aus. | F31: =IF(LEN(TRIM(D31))=0,0,LEN(TRIM(D31))-LEN(SUBSTITUTE(TRIM(D31)," ",""))+1) | G31: =IF(LEN(TRIM(E31))=0,0,LEN(TRIM(E31))-LEN(SUBSTITUTE(TRIM(E31)," ",""))+1)
A32: 6.4-IV | B32: IV | C32: Integrieren | D32: Ich identifiziere aus einer Vielzahl verschiedener Lernaktivitäten gezielt geeignete aus und verwende sie, um Lernende zu unterstützen, ihre Meinung und Arbeitsergebnisse zu präsentieren und zu dokumentieren (z.B. in Wikis, Blogs oder E-Portfolios) und dabei Urheberrechtsvorschriften einzuhalten und Lizenzen zu wahren. | E32: Ich wähle Aufgaben bewusst so, dass Lernende Ergebnisse präsentieren und Urheberrechte beachten. | F32: =IF(LEN(TRIM(D32))=0,0,LEN(TRIM(D32))-LEN(SUBSTITUTE(TRIM(D32)," ",""))+1) | G32: =IF(LEN(TRIM(E32))=0,0,LEN(TRIM(E32))-LEN(SUBSTITUTE(TRIM(E32)," ",""))+1)
A33: 6.4-V | B33: V | C33: Entwickeln | D33: Ich reflektiere und bewerte kritisch Lernaktivitäten zur Förderung der digitalen Fertigkeiten bei der (Neu-)Erstellung von Inhalten durch die Lernenden und zur Förderung der kollaborativen Nutzung (z. B. digitale Stories, e-Portfolios). Außerdem berate ich mein Kollegium diesbezüglich. | E33: Ich prüfe, welche Aufgaben sich bewähren, und berate mein Kollegium. | F33: =IF(LEN(TRIM(D33))=0,0,LEN(TRIM(D33))-LEN(SUBSTITUTE(TRIM(D33)," ",""))+1) | G33: =IF(LEN(TRIM(E33))=0,0,LEN(TRIM(E33))-LEN(SUBSTITUTE(TRIM(E33)," ",""))+1)
A34: 6.4-VI | B34: VI | C34: Weitergeben | D34: Ich entwickle innovative Lernszenarien zur Förderung digital gestützter kreativer Produkte, Präsentationen und Publikationen der Lernenden (z. B. Veröffentlichung komplexer Medienprodukte, gemeinsame Erstellung von mobilen Apps, Unterhaltung von Makerspaces, Förderung von Audio- und Videoübertragungen) und multipliziere diese Kompetenzen in regionalen oder überregionalen Fortbildungen. | E34: Ich entwickle neue Formen digitaler Produktion und gebe sie in Weiterbildungen weiter. | F34: =IF(LEN(TRIM(D34))=0,0,LEN(TRIM(D34))-LEN(SUBSTITUTE(TRIM(D34)," ",""))+1) | G34: =IF(LEN(TRIM(E34))=0,0,LEN(TRIM(E34))-LEN(SUBSTITUTE(TRIM(E34)," ",""))+1)
A36: 6.5 Analysieren und Reflektieren | E36: Beispiele: Datenschutz, Urheberrecht, App-Berechtigungen, Fake News, digitaler Fussabdruck
A37: 6.5-I | B37: I | C37: Einsteigen | D37: Ich kenne in geringem Umfang Lernaktivitäten, die die Lernenden befähigen, die rechtlichen und ethischen Auswirkungen der Nutzung digitaler Technologien zu verstehen (z. B. Weitergabe von personenbezogenen Daten und sensiblen Informationen anderer, Umgang mit privaten Einstellungen in Online-Apps), aber berücksichtige sie in meinem Unterricht kaum. | E37: Ich kenne wenige Aufgaben zu Recht und Ethik im Digitalen und nutze sie kaum. | F37: =IF(LEN(TRIM(D37))=0,0,LEN(TRIM(D37))-LEN(SUBSTITUTE(TRIM(D37)," ",""))+1) | G37: =IF(LEN(TRIM(E37))=0,0,LEN(TRIM(E37))-LEN(SUBSTITUTE(TRIM(E37)," ",""))+1)
A38: 6.5-II | B38: II | C38: Entdecken | D38: Ich versuche zielgerichtet Lernende dahingehend zu sensibilisieren, welche rechtlichen und ethischen Auswirkungen die Nutzung digitaler Technologien haben kann (z. B. Freigabe von urheberrechtlich geschützten digitalen Inhalten, Akzeptieren von Genehmigungen bei der Installation von Apps) und für eine interessengeleitete Setzung medialer Inhalte zu sensibilisieren (z.B. Erkennen von Fake News). | E38: Ich sensibilisiere Lernende ab und zu für rechtliche und ethische Fragen, etwa Fake News. | F38: =IF(LEN(TRIM(D38))=0,0,LEN(TRIM(D38))-LEN(SUBSTITUTE(TRIM(D38)," ",""))+1) | G38: =IF(LEN(TRIM(E38))=0,0,LEN(TRIM(E38))-LEN(SUBSTITUTE(TRIM(E38)," ",""))+1)
A39: 6.5-III | B39: III | C39: Anwenden | D39: Ich verwende sach- und situationsgerecht verschiedene digitale Lernaktivitäten, die von den Lernenden sowohl bei der Nutzung als auch bei der Erstellung von digitalen Inhalten eine verantwortungsvolle, ethisch reflektierte und sozialverantwortliche Vorgehensweise verlangen (z. B. kritische Bewertung von Online-Informationen, Reaktion auf Falschinformationen, positives Online-Verhalten, Einhaltung von Datenschutz- und Urheberrechtsbestimmungen). | E39: Lernende gehen in meinem Unterricht regelmässig verantwortungsvoll mit digitalen Inhalten um. | F39: =IF(LEN(TRIM(D39))=0,0,LEN(TRIM(D39))-LEN(SUBSTITUTE(TRIM(D39)," ",""))+1) | G39: =IF(LEN(TRIM(E39))=0,0,LEN(TRIM(E39))-LEN(SUBSTITUTE(TRIM(E39)," ",""))+1)
A40: 6.5-IV | B40: IV | C40: Integrieren | D40: Ich gestalte durch systematische Auswahl verschiedener Aktivitäten Lernumgebungen, um Lernende bei der vertiefenden Analyse und Beurteilung von Inhalten und Einflüssen digitaler Technologien zu fördern und sie zu einem verantwortungsbewussten Umgang mit digitalen Medien zu befähigen (z. B. Verfolgung ihres digitalen Fußabdrucks, Verwaltung ihrer digitalen Identität, Kenntnis der Nutzungsbedingungen verschiedener Medien und Anwendungen, Verwaltung von Anwendungseinstellungen). | E40: Ich gestalte Lernumgebungen, in denen Lernende den Einfluss digitaler Medien analysieren. | F40: =IF(LEN(TRIM(D40))=0,0,LEN(TRIM(D40))-LEN(SUBSTITUTE(TRIM(D40)," ",""))+1) | G40: =IF(LEN(TRIM(E40))=0,0,LEN(TRIM(E40))-LEN(SUBSTITUTE(TRIM(E40)," ",""))+1)
A41: 6.5-V | B41: V | C41: Entwickeln | D41: Ich reflektiere kritisch, inwiefern sich verschiedene Methoden dazu eignen, Medienangebote und digitale Werkzeuge im Unterricht umfassend zu analysieren und gestalte sie ggf. entsprechend um. Mein Wissen gebe ich im Kollegenkreis weiter. | E41: Ich prüfe, welche Methoden zur Medienanalyse wirken, und teile mein Wissen im Kollegium. | F41: =IF(LEN(TRIM(D41))=0,0,LEN(TRIM(D41))-LEN(SUBSTITUTE(TRIM(D41)," ",""))+1) | G41: =IF(LEN(TRIM(E41))=0,0,LEN(TRIM(E41))-LEN(SUBSTITUTE(TRIM(E41)," ",""))+1)
A42: 6.5-VI | B42: VI | C42: Weitergeben | D42: Ich entwickle und multipliziere innovative Konzepte und Lernszenarien zur kritischen Auseinandersetzung mit Inhalten, Gestaltungsmitteln, Wirkungsweisen und Einflüssen digitaler Technologien sowie Chancen und Risiken in den Medien. | E42: Ich entwickle neue Konzepte zur kritischen Medienanalyse und gebe sie weiter. | F42: =IF(LEN(TRIM(D42))=0,0,LEN(TRIM(D42))-LEN(SUBSTITUTE(TRIM(D42)," ",""))+1) | G42: =IF(LEN(TRIM(E42))=0,0,LEN(TRIM(E42))-LEN(SUBSTITUTE(TRIM(E42)," ",""))+1)

Sheet Weiterbildung
A1: Weiterbildung: Zuordnung der Teilbereiche zu den fobizz-Themenbereichen (Vorschlag, zu validieren)
A2: Regeln im Tool: Stufe I–IV → Hauptthema (I–II mit Hinweis «Einstiegsangebote»); Stufe V → «Schulentwicklung & Leadership»; Stufe VI und «keine Gelegenheit» → keine Empfehlung. Themen per Auswahlliste wählen. Keine Kurslinks (Verlinkung der Themenbereiche folgt für die Endversion).
A4: Teilbereich-ID | B4: Teilbereich | C4: Hauptthema | D4: Nebenthema | E4: Bemerkung | F4: Zuletzt geprüft
A5: 1.1 | B5: Berufliche Kommunikation | C5: Digitale Tools & Anwendungen | D5: Team- und Beziehungsarbeit
A6: 1.2 | B6: Kollegiale Zusammenarbeit | C6: Team- und Beziehungsarbeit | D6: Digitale Tools & Anwendungen
A7: 1.3 | B7: Reflektiertes Handeln | C7: Gesundheit & Professionalisierung | D7: Didaktik & Unterrichtsdesign
A8: 1.4 | B8: Kontinuierliche Weiterentwicklung | C8: Gesundheit & Professionalisierung | D8: Digitale Tools & Anwendungen
A9: 2.1 | B9: Auswählen digitaler Ressourcen | C9: Digitale Tools & Anwendungen | D9: Medienkompetenz & Medienkritik
A10: 2.2 | B10: Erstellen und Anpassen digitaler Ressourcen | C10: Digitale Tools & Anwendungen | D10: Künstliche Intelligenz
A11: 2.3 | B11: Organisieren, Schützen und Teilen digitaler Ressourcen | C11: Medienkompetenz & Medienkritik | D11: Digitale Tools & Anwendungen
A12: 3.1 | B12: Lehren | C12: Didaktik & Unterrichtsdesign | D12: Digitale Tools & Anwendungen
A13: 3.2 | B13: Lernbegleitung | C13: Didaktik & Unterrichtsdesign | D13: Leistung, Feedback & Lernstand
A14: 3.3 | B14: Kollaboratives Lernen | C14: Didaktik & Unterrichtsdesign | D14: Team- und Beziehungsarbeit
A15: 3.4 | B15: Selbstgesteuertes Lernen | C15: Didaktik & Unterrichtsdesign | D15: Inklusion, Differenzierung & Sprachbildung
A16: 4.1 | B16: Lernstandserhebung | C16: Leistung, Feedback & Lernstand | D16: Digitale Tools & Anwendungen
... A26: 6.5 | B26: Analysieren und Reflektieren | C26: Medienkompetenz & Medienkritik | D26: Schülerinnenwelten & Gesellschaft

Sheet Themen fobizz
A1: fobizz-Themenbereiche (Stand 28.09.2026, ohne «Startchancen»)
A2: Didaktik & Unterrichtsdesign
A3: Team- und Beziehungsarbeit
A4: Leistung, Feedback & Lernstand
A5: Gesundheit & Professionalisierung
A6: Digitale Tools & Anwendungen
A7: Medienkompetenz & Medienkritik
A8: Schulentwicklung & Leadership
A9: Inklusion, Differenzierung & Sprachbildung
A10: Künstliche Intelligenz
A11: Schülerinnenwelten & Gesellschaft
A12: Programmieren & Informatik
